<COLLADA xmlns="http://www.collada.org/2005/11/COLLADASchema" version="1.4.1">
  <asset>
    <created>2026-09-11T17:48:01.995944</created>
    <modified>2026-09-11T17:48:01.995951</modified>
    <unit name="metre" meter="1.0" />
    <up_axis>Z_UP</up_axis>
  </asset>
  <library_effects>
    <effect id="IID-_0004" name="IID-_0004">
      <profile_COMMON>
        <technique sid="common">
          <phong>
            <emission>
              <color>0.0 0.0 0.0 1.0</color>
            </emission>
            <ambient>
              <color>0.0 0.0 0.0 1.0</color>
            </ambient>
            <diffuse>
              <color>0.800000011920929 0.800000011920929 0.800000011920929 1.0</color>
            </diffuse>
            <specular>
              <color>0.0 0.0 0.0 1.0</color>
            </specular>
            <shininess>
              <float>0.0</float>
            </shininess>
            <reflective>
              <color>1 1 1 1.0</color>
            </reflective>
            <reflectivity>
              <float>0.5</float>
            </reflectivity>
            <transparent>
              <color>0.0 0.0 0.0 1.0</color>
            </transparent>
            <transparency>
              <float>1.0</float>
            </transparency>
          </phong>
        </technique>
        <extra>
          <technique profile="GOOGLEEARTH">
            <double_sided>1</double_sided>
          </technique>
        </extra>
      </profile_COMMON>
    </effect>
  </library_effects>
  <library_geometries>
    <geometry id="ME-Cerchio" name="ME-Cerchio">
      <mesh>
        <source id="IID-_0001">
          <float_array count="2073" id="IID-_0001-array">0 1.095612 0.01510779 -0.4321043 0.9552132 0.01510779 -0.6991593 0.5876436 0.01510779 -0.6991593 0.1333027 0.01510779 -0.4321043 -0.2342669 0.01510779 0 -0.374666 0.01510779 0 1.146056 0.6479027 -0.4617544 0.996023 0.6479027 -0.7471341 0.6032316 0.6479027 -0.7471341 0.1177147 0.6479027 -0.4617544 -0.2750767 0.6479027 0 -0.4251097 0.6479027 0 1.05247 1.270962 -0.4010234 0.9221693 1.270962 -0.6488693 0.5810387 1.270962 -0.6488693 0.1593782 1.270962 -0.4010234 -0.1817524 1.270962 0 -0.3120527 1.270962 0 0.9356459 1.582492 -0.4010234 0.8053456 1.582492 -0.6488693 0.464215 1.582492 -0.6488693 0.04255448 1.582492 0 0.6646147 1.95676 -0.2687371 0.5772968 1.95676 -0.4348255 0.3486957 1.95676 -0.4348255 0.06612927 1.95676 -0.2687371 -0.1624717 1.95676 0 -0.2497896 1.95676 0 0.3952065 2.117831 -0.03922552 0.3825303 2.116508 -0.06346799 0.3493438 2.113044 -0.06346799 0.308323 2.108761 -0.03922552 0.2751365 2.105297 0 0.2624604 2.103973 0 0.1974861 2.201427 -0.02153936 0.1967479 2.194468 -0.03485117 0.1948152 2.176248 -0.03485117 0.1924264 2.153727 -0.02153936 0.1904938 2.135507 0 0.1897556 2.128547 0 0.0415195 2.180757 -0.02786811 0.04234169 2.171739 -0.0450913 0.04449386 2.148132 -0.0450913 0.04715426 2.118951 -0.02786811 0.04930644 2.095343 0 0.05012864 2.086325 0 -0.03315606 2.157884 -0.02272037 -0.03248574 2.150532 -0.03676208 -0.03073112 2.131286 -0.03676208 -0.02856216 2.107495 -0.02272036 -0.02680752 2.088248 0 -0.02613721 2.080896 0 -0.08423126 2.117593 -0.007291526 -0.08401615 2.115233 -0.01179768 -0.08345307 2.109057 -0.01179768 -0.08275703 2.101422 -0.007291526 -0.08219395 2.095245 0 -0.08197883 2.092886 0 1.071339 -0.228275 -0.4456536 0.9265379 -0.228275 -0.7210826 0.5474426 -0.228275 -0.7212893 0.05456784 -0.2747722 -0.4456536 -0.3002404 -0.228275 0 -0.445042 -0.228275 0 0.9898237 -0.7015193 -0.3937661 0.8618815 -0.7015193 -0.6371269 0.5269243 -0.7015193 -0.6370447 0.1284941 -0.7328711 -0.3513807 -0.1812259 -0.7602354 0 -0.3500051 -0.7015193 0 -0.2153803 -0.9548026 -0.2982019 -0.1221872 -0.9813175 -0.4825008 0.1217954 -1.050734 -0.4825008 0.4233744 -1.136538 -0.2982019 0.6673569 -1.205954 0 0.76055 -1.232469 0 -0.1571704 -1.147387 -0.2406737 -0.09015799 -1.187692 -0.3894181 0.08528262 -1.293212 -0.3894181 0.3021391 -1.423643 -0.2406737 0.4775796 -1.529163 0 0.5445919 -1.569468 0 -0.2712806 -1.250138 -0.2648425 -0.1975387 -1.294491 -0.4285243 -0.004479989 -1.410608 -0.4285243 0.2341536 -1.554137 -0.2648425 0.4272123 -1.670254 0 0.500954 -1.714607 0 -0.317223 -1.402707 -0.2245489 -0.2637581 -1.452353 -0.3633277 -0.1237853 -1.582327 -0.3633277 0.04923056 -1.742985 -0.2245489 0.1892033 -1.872959 0 0.242668 -1.922605 0 -0.4219559 -1.512557 -0.1870566 -0.3861479 -1.561666 -0.3026638 -0.2924011 -1.690238 -0.3026638 -0.1765238 -1.849161 -0.1870566 -0.08277708 -1.977732 0 -0.04696909 -2.026842 0 -0.5260213 -1.643323 -0.1616026 -0.4950858 -1.68575 -0.2614785 -0.4140958 -1.796826 -0.2614785 -0.3139866 -1.934123 -0.1616026 -0.2329966 -2.045199 0 -0.2020612 -2.087626 0 -0.6115065 -1.734223 -0.1355542 -0.5911441 -1.773277 -0.2193312 -0.5378346 -1.875523 -0.2193312 -0.4719407 -2.001907 -0.1355542 -0.4186314 -2.104153 0 -0.3976175 -2.143208 -0.4396408 -0.4607441 -0.2316055 -0.6465763 -0.4377693 -0.3488601 -0.6465763 -0.3892397 -0.5828339 -0.4396408 -0.3636848 -0.6995532 -0.2327048 -0.3866595 -0.5822988 -0.2327048 -0.4351892 -0.3483248 -0.4396408 -0.6865132 -0.2908 -0.5770953 -0.6712524 -0.3686849 -0.5770953 -0.6390172 -0.5240993 -0.4396408 -0.6220427 -0.6016287 -0.302186 -0.6373034 -0.5237438 -0.302186 -0.6695386 -0.3683293 -0.4396407 -0.9530476 -0.3410479 -0.5369359 -0.9422455 -0.3961776 -0.5369359 -0.9194282 -0.5061853 -0.4396407 -0.9074131 -0.5610633 -0.3423454 -0.9182151 -0.5059337 -0.3423454 -0.9410324 -0.3959259 -0.4396407 -1.090725 -0.3783668 -0.5253386 -1.08121 -0.4269252 -0.5253386 -1.061113 -0.5238203 -0.4396407 -1.05053 -0.5721571 -0.3539427 -1.060044 -0.5235987 -0.3539427 -1.080142 -0.4267035 -0.4396408 -1.239182 -0.3979617 -0.5561146 -1.222188 -0.4630307 -0.5561146 -1.186767 -0.592778 -0.4396408 -1.168342 -0.6574563 -0.3231667 -1.185336 -0.5923874 -0.3231667 -1.220757 -0.46264 -0.4313705 -1.299518 -0.5164776 -0.5489349 -1.26543 -0.563843 -0.5489349 -1.232193 -0.6855924 -0.4416914 -1.229229 -0.7312137 -0.3303464 -1.230851 -0.685226 -0.3303464 -1.264087 -0.5634764 -0.4396408 -1.332022 -0.536311 -0.5485042 -1.313568 -0.6160257 -0.5111457 -1.282286 -0.7263618 -0.4041006 -1.36614 -0.612841 -0.3097394 -1.311473 -0.6084456 -0.4997036 -1.314711 -0.444125 -0.4204839 -1.382897 -0.4665075 -0.407917 -1.283589 -0.4206803 -0.4537322 -1.396888 -0.5168752 -0.4116421 -1.350363 -0.5317452 -0.4963939 -1.350845 -0.5327182 -0.4954876 -1.368551 -0.4901667 -0.3096435 -1.32475 -0.7702907 -0.3392624 -1.374206 -0.7813478 -0.3979595 -1.373902 -0.7812797 -0.4447671 -1.305992 -0.7816833 -0.3994907 -1.261294 -0.7731741 -0.3358957 -1.267426 -0.7608602 -0.3096435 -1.325391 -0.8277075 -0.3392624 -1.375553 -0.820502 -0.3979595 -1.375244 -0.8205464 -0.4270377 -1.324773 -0.8277962 -0.3385606 -1.297261 -0.8168749 -0.3399954 -1.346563 -0.8648301 -0.3526142 -1.367934 -0.8617603 -0.3776214 -1.367803 -0.8617792 -0.3900099 -1.3463 -0.8648679 -0.3523839 -1.325061 -0.8679187 -0.3555929 -1.361086 -0.8891548 -0.3594756 -1.366544 -0.8853687 -0.3671699 -1.36651 -0.885392 -0.3709817 -1.361018 -0.8892015 -0.3594047 -1.355593 -0.8929643 -0.3096435 -1.322164 -0.7153075 -0.3392624 -1.370651 -0.7005681 -0.3979595 -1.370352 -0.7006589 -0.392806 -1.292138 -0.8256681 -0.3800801 -1.324722 -0.8633484 -0.3683155 -1.356048 -0.8912163 -0.4285371 -1.377617 -0.6811872 -0.4997088 -1.362019 -0.6768757 -0.5104767 -1.325335 -0.7022688 -0.4609287 -1.265482 -0.7573237 -0.508727 -1.301434 -0.7645244 -0.451876 -1.373179 -0.7534125 -0.5008562 -1.363734 -0.7475104 -0.5082666 -1.334556 -0.7570702 -0.4650042 -1.284011 -0.8085791 -0.505073 -1.314148 -0.8146154 -0.4574153 -1.374291 -0.8053005 -0.4984749 -1.366374 -0.8003528 -0.5046871 -1.341914 -0.8083666 -0.4721039 -1.311756 -0.8509271 -0.4987075 -1.332059 -0.8488705 -0.4670652 -1.368404 -0.8312114 -0.4943267 -1.362414 -0.8296183 -0.4984513 -1.348458 -0.8394815 -0.4786076 -1.334811 -0.8725855 -0.4928763 -1.345701 -0.8714824 -0.4759051 -1.365195 -0.8620111 -0.4905267 -1.361982 -0.8611566 -0.4927389 -1.354497 -0.8664467 -0.4833706 -1.355092 -0.8845204 -0.4886058 -1.359088 -0.8841157 -0.4823791 -1.36624 -0.8806406 -0.4877437 -1.365061 -0.8803272 -0.4885554 -1.362315 -0.8822681 -0.4833706 -1.355092 -0.8845204 -0.4762063 -1.357732 -0.8845204 -0.4661891 -1.351077 -0.8637527 -0.4530671 -1.336145 -0.8334362 -0.1610655 -0.6154284 -1.967219 -0.1610655 -0.5853641 -2.071956 -0.09701601 -0.5610416 -2.156691 0 -0.5517459 -2.189057 -0.1174588 -0.7217021 -2.047775 -0.1174588 -0.6914759 -2.122627 -0.07000975 -0.6670226 -2.183185 0 -0.6576822 -2.206316 -0.08894342 -0.8282624 -2.104097 -0.08894342 -0.8055337 -2.160383 -0.05326398 -0.787146 -2.205919 0 -0.7801225 -2.223312 -0.05651851 -0.8882463 -2.155936 -0.05651851 -0.8588572 -2.182112 -0.03100409 -0.8457081 -2.214675 0 -0.8374277 -2.227113 0 -0.6966694 -1.89959 -0.1258826 -0.6993912 -1.947111 -0.1627128 -0.6669965 -1.970716 0 -0.646916 -1.896888 -0.1258826 -0.6379642 -1.914057 0 -0.7340375 -2.027163 -0.103999 -0.7316851 -2.031675 0 -0.8311179 -2.089587 -0.08076078 -0.8297729 -2.099225 0 -0.8902476 -2.146835 -0.02586422 -0.8899878 -2.148962 0 -0.8588846 -2.183387 -0.4079171 -1.278747 1.632026 -0.420484 -1.378056 1.586199 -0.4997037 -1.309869 1.608582 -0.3097394 -1.306631 1.444261 -0.4041007 -1.361299 1.439866 -0.5111458 -1.277444 1.326345 -0.4530672 -1.331303 1.21927 -0.5485044 -1.308727 1.436681 -0.4396409 -1.327181 1.516396 -0.4661892 -1.346236 1.188954 -0.4762064 -1.352891 1.168186 -0.4833707 -1.350251 1.168186 -0.4885555 -1.357474 1.170439 -0.3303465 -1.259246 1.48923 -0.3303465 -1.226009 1.367481 -0.4416915 -1.224388 1.321493 -0.4877438 -1.36022 1.172379 -0.4823792 -1.361399 1.172066 -0.4886059 -1.354246 1.168591 -0.4833707 -1.350251 1.168186 -0.5489351 -1.227352 1.367114 -0.492739 -1.349655 1.18626 -0.4905268 -1.35714 1.19155 -0.4759052 -1.360353 1.190696 -0.4928764 -1.34086 1.181224 -0.5489351 -1.260589 1.488864 -0.4786077 -1.32997 1.180121 -0.4984514 -1.343617 1.213225 -0.4313706 -1.294677 1.536229 -0.4943268 -1.357572 1.223088 -0.4670653 -1.363563 1.221495 -0.4987076 -1.327218 1.203836 -0.472104 -1.306914 1.20178 -0.3231668 -1.215915 1.590067 -0.3231668 -1.180495 1.460319 -0.4396408 -1.163501 1.39525 -0.5561147 -1.181926 1.459929 -0.5046872 -1.337073 1.24434 -0.498475 -1.361533 1.252354 -0.5561147 -1.217346 1.589676 -0.4396408 -1.234341 1.654745 -0.3539428 -1.0753 1.626003 -0.4574154 -1.36945 1.247406 -0.3539428 -1.055203 1.529108 -0.5050731 -1.309307 1.238091 -0.4396408 -1.045688 1.48055 -0.4650043 -1.279169 1.244128 -0.5082667 -1.329715 1.295637 -0.5253387 -1.056271 1.528886 -0.5253387 -1.076369 1.625782 -0.5008563 -1.358893 1.305196 -0.451876 -1.368338 1.299294 -0.4396408 -1.085883 1.67434 -0.3423455 -0.9361911 1.656781 -0.3423455 -0.9133738 1.546773 -0.4396408 -0.9025718 1.491643 -0.5087271 -1.296593 1.288182 -0.4609288 -1.260641 1.295383 -0.5104768 -1.320493 1.350438 -0.4997089 -1.357178 1.375831 -0.4285372 -1.372776 1.37152 -0.3683156 -1.351206 1.16149 -0.3800802 -1.319881 1.189358 -0.3928061 -1.287297 1.227039 -0.3979596 -1.365511 1.352048 -0.3392625 -1.365809 1.352139 -0.3096436 -1.317323 1.337399 -0.3594048 -1.350752 1.159742 -0.3709818 -1.356177 1.163505 -0.36717 -1.361669 1.167315 -0.3594756 -1.361703 1.167338 -0.355593 -1.356244 1.163552 -0.352384 -1.320219 1.184788 -0.3900099 -1.341459 1.187839 -0.3776215 -1.362962 1.190928 -0.3526143 -1.363093 1.190946 -0.3399955 -1.341722 1.187877 -0.3385607 -1.29242 1.235832 -0.4270378 -1.319932 1.22491 -0.536936 -0.914587 1.546521 -0.3979596 -1.370403 1.23216 -0.3392625 -1.370712 1.232205 -0.536936 -0.9374042 1.656529 -0.3096436 -1.32055 1.224999 -0.4396408 -0.9482063 1.711659 -0.3358958 -1.262585 1.291847 -0.302186 -0.6646973 1.684377 -0.3994908 -1.256453 1.279533 -0.302186 -0.6324621 1.528963 -0.4396408 -0.6172014 1.451078 -0.5770954 -0.6341759 1.528607 -0.4447672 -1.30115 1.271023 -0.3979596 -1.36906 1.271427 -0.3392625 -1.369365 1.271359 -0.3096436 -1.319909 1.282416 -0.5770954 -0.6664112 1.684022 -0.4396408 -0.6816719 1.761907 -0.4954877 -1.363709 1.56254 -0.496394 -1.346004 1.519989 -0.4116422 -1.345522 1.520962 -0.4537323 -1.392047 1.535831 -0.2327049 -0.4303479 1.704382 -0.2327049 -0.3818182 1.470408 -0.4396409 -0.3588435 1.353153 -0.6465765 -0.3843984 1.469873 -0.6465765 -0.432928 1.703847 -0.4396409 -0.4559028 1.821101 0 -0.3451638 1.351187 0 -0.386502 1.824432 -0.4564718 0.3976226 -1.483409 -0.3692392 0.5005113 -1.545292 -0.4794059 0.3577519 -1.559938 -0.3834133 0.4709729 -1.628036 -0.5186459 0.4811898 -1.532758 -0.4813414 0.5251896 -1.559222 -0.5284535 0.4641394 -1.565485 -0.4874029 0.5125576 -1.594607 -0.5194066 0.5144081 -1.561732 -0.490066 0.4860038 -1.570289 -0.4149029 0.446405 -1.594021 -0.4536546 0.4030557 -1.560843 -0.3506979 0.4008036 -1.622518 -0.4185994 0.342748 -1.579591 0.4321043 0.9552132 0.01510779 0.6991593 0.5876436 0.01510779 0.6991593 0.1333027 0.01510779 0.4321043 -0.2342669 0.01510779 0.4617544 0.996023 0.6479027 0.7471341 0.6032316 0.6479027 0.7471341 0.1177147 0.6479027 0.4617544 -0.2750767 0.6479027 0.4010234 0.9221693 1.270962 0.6488693 0.5810387 1.270962 0.6488693 0.1593782 1.270962 0.4010234 -0.1817524 1.270962 0.4010234 0.8053456 1.582492 0.6488693 0.464215 1.582492 0.6488693 0.04255448 1.582492 0.2687371 0.5772968 1.95676 0.4348255 0.3486957 1.95676 0.4348255 0.06612927 1.95676 0.2687371 -0.1624717 1.95676 0.03922552 0.3825303 2.116508 0.06346799 0.3493438 2.113044 0.06346799 0.308323 2.108761 0.03922552 0.2751365 2.105297 0.02153936 0.1967479 2.194468 0.03485117 0.1948152 2.176248 0.03485117 0.1924264 2.153727 0.02153936 0.1904938 2.135507 0.02786811 0.04234169 2.171739 0.0450913 0.04449386 2.148132 0.0450913 0.04715426 2.118951 0.02786811 0.04930644 2.095343 0.02272037 -0.03248574 2.150532 0.03676208 -0.03073112 2.131286 0.03676208 -0.02856216 2.107495 0.02272036 -0.02680752 2.088248 0.007291526 -0.08401615 2.115233 0.01179768 -0.08345307 2.109057 0.01179768 -0.08275703 2.101422 0.007291526 -0.08219395 2.095245 0.4456536 0.9265379 -0.228275 0.7210826 0.5474426 -0.228275 0.7212893 0.05456784 -0.2747722 0.4456536 -0.3002404 -0.228275 0.3937661 0.8618815 -0.7015193 0.6371269 0.5269243 -0.7015193 0.6370447 0.1284941 -0.7328711 0.3513807 -0.1812259 -0.7602354 0.2982019 -0.1221872 -0.9813175 0.4825008 0.1217954 -1.050734 0.4825008 0.4233744 -1.136538 0.2982019 0.6673569 -1.205954 0.2406737 -0.09015799 -1.187692 0.3894181 0.08528262 -1.293212 0.3894181 0.3021391 -1.423643 0.2406737 0.4775796 -1.529163 0.2648425 -0.1975387 -1.294491 0.4285243 -0.004479989 -1.410608 0.4285243 0.2341536 -1.554137 0.2648425 0.4272123 -1.670254 0.2245489 -0.2637581 -1.452353 0.3633277 -0.1237853 -1.582327 0.3633277 0.04923056 -1.742985 0.2245489 0.1892033 -1.872959 0.1870566 -0.3861479 -1.561666 0.3026638 -0.2924011 -1.690238 0.3026638 -0.1765238 -1.849161 0.1870566 -0.08277708 -1.977732 0.1616026 -0.4950858 -1.68575 0.2614785 -0.4140958 -1.796826 0.2614785 -0.3139866 -1.934123 0.1616026 -0.2329966 -2.045199 0.1355542 -0.5911441 -1.773277 0.2193312 -0.5378346 -1.875523 0.2193312 -0.4719407 -2.001907 0.1355542 -0.4186314 -2.104153 0.4396408 -0.4607441 -0.2316055 0.6465763 -0.4377693 -0.3488601 0.6465763 -0.3892397 -0.5828339 0.4396408 -0.3636848 -0.6995532 0.2327048 -0.3866595 -0.5822988 0.2327048 -0.4351892 -0.3483248 0.4396408 -0.6865132 -0.2908 0.5770953 -0.6712524 -0.3686849 0.5770953 -0.6390172 -0.5240993 0.4396408 -0.6220427 -0.6016287 0.302186 -0.6373034 -0.5237438 0.302186 -0.6695386 -0.3683293 0.4396407 -0.9530476 -0.3410479 0.5369359 -0.9422455 -0.3961776 0.5369359 -0.9194282 -0.5061853 0.4396407 -0.9074131 -0.5610633 0.3423454 -0.9182151 -0.5059337 0.3423454 -0.9410324 -0.3959259 0.4396407 -1.090725 -0.3783668 0.5253386 -1.08121 -0.4269252 0.5253386 -1.061113 -0.5238203 0.4396407 -1.05053 -0.5721571 0.3539427 -1.060044 -0.5235987 0.3539427 -1.080142 -0.4267035 0.4396408 -1.239182 -0.3979617 0.5561146 -1.222188 -0.4630307 0.5561146 -1.186767 -0.592778 0.4396408 -1.168342 -0.6574563 0.3231667 -1.185336 -0.5923874 0.3231667 -1.220757 -0.46264 0.4313705 -1.299518 -0.5164776 0.5489349 -1.26543 -0.563843 0.5489349 -1.232193 -0.6855924 0.4416914 -1.229229 -0.7312137 0.3303464 -1.230851 -0.685226 0.3303464 -1.264087 -0.5634764 0.4396408 -1.332022 -0.536311 0.5485042 -1.313568 -0.6160257 0.5111457 -1.282286 -0.7263618 0.4041006 -1.36614 -0.612841 0.3097394 -1.311473 -0.6084456 0.4997036 -1.314711 -0.444125 0.4204839 -1.382897 -0.4665075 0.407917 -1.283589 -0.4206803 0.4537322 -1.396888 -0.5168752 0.4116421 -1.350363 -0.5317452 0.4963939 -1.350845 -0.5327182 0.4954876 -1.368551 -0.4901667 0.3096435 -1.32475 -0.7702907 0.3392624 -1.374206 -0.7813478 0.3979595 -1.373902 -0.7812797 0.4447671 -1.305992 -0.7816833 0.3994907 -1.261294 -0.7731741 0.3358957 -1.267426 -0.7608602 0.3096435 -1.325391 -0.8277075 0.3392624 -1.375553 -0.820502 0.3979595 -1.375244 -0.8205464 0.4270377 -1.324773 -0.8277962 0.3385606 -1.297261 -0.8168749 0.3399954 -1.346563 -0.8648301 0.3526142 -1.367934 -0.8617603 0.3776214 -1.367803 -0.8617792 0.3900099 -1.3463 -0.8648679 0.3523839 -1.325061 -0.8679187 0.3555929 -1.361086 -0.8891548 0.3594756 -1.366544 -0.8853687 0.3671699 -1.36651 -0.885392 0.3709817 -1.361018 -0.8892015 0.3594047 -1.355593 -0.8929643 0.3096435 -1.322164 -0.7153075 0.3392624 -1.370651 -0.7005681 0.3979595 -1.370352 -0.7006589 0.392806 -1.292138 -0.8256681 0.3800801 -1.324722 -0.8633484 0.3683155 -1.356048 -0.8912163 0.4285371 -1.377617 -0.6811872 0.4997088 -1.362019 -0.6768757 0.5104767 -1.325335 -0.7022688 0.4609287 -1.265482 -0.7573237 0.508727 -1.301434 -0.7645244 0.451876 -1.373179 -0.7534125 0.5008562 -1.363734 -0.7475104 0.5082666 -1.334556 -0.7570702 0.4650042 -1.284011 -0.8085791 0.505073 -1.314148 -0.8146154 0.4574153 -1.374291 -0.8053005 0.4984749 -1.366374 -0.8003528 0.5046871 -1.341914 -0.8083666 0.4721039 -1.311756 -0.8509271 0.4987075 -1.332059 -0.8488705 0.4670652 -1.368404 -0.8312114 0.4943267 -1.362414 -0.8296183 0.4984513 -1.348458 -0.8394815 0.4786076 -1.334811 -0.8725855 0.4928763 -1.345701 -0.8714824 0.4759051 -1.365195 -0.8620111 0.4905267 -1.361982 -0.8611566 0.4927389 -1.354497 -0.8664467 0.4833706 -1.355092 -0.8845204 0.4886058 -1.359088 -0.8841157 0.4823791 -1.36624 -0.8806406 0.4877437 -1.365061 -0.8803272 0.4885554 -1.362315 -0.8822681 0.4833706 -1.355092 -0.8845204 0.4762063 -1.357732 -0.8845204 0.4661891 -1.351077 -0.8637527 0.4530671 -1.336145 -0.8334362 0.1610655 -0.6154284 -1.967219 0.1610655 -0.5853641 -2.071956 0.09701601 -0.5610416 -2.156691 0.1174588 -0.7217021 -2.047775 0.1174588 -0.6914759 -2.122627 0.07000975 -0.6670226 -2.183185 0.08894342 -0.8282624 -2.104097 0.08894342 -0.8055337 -2.160383 0.05326398 -0.787146 -2.205919 0.05651851 -0.8882463 -2.155936 0.05651851 -0.8588572 -2.182112 0.03100409 -0.8457081 -2.214675 0.1258826 -0.6993912 -1.947111 0.1627128 -0.6669965 -1.970716 0.1258826 -0.6379642 -1.914057 0.103999 -0.7316851 -2.031675 0.08076078 -0.8297729 -2.099225 0.02586422 -0.8899878 -2.148962 0.4079171 -1.278747 1.632026 0.420484 -1.378056 1.586199 0.4997037 -1.309869 1.608582 0.3097394 -1.306631 1.444261 0.4041007 -1.361299 1.439866 0.5111458 -1.277444 1.326345 0.4530672 -1.331303 1.21927 0.5485044 -1.308727 1.436681 0.4396409 -1.327181 1.516396 0.4661892 -1.346236 1.188954 0.4762064 -1.352891 1.168186 0.4833707 -1.350251 1.168186 0.4885555 -1.357474 1.170439 0.3303465 -1.259246 1.48923 0.3303465 -1.226009 1.367481 0.4416915 -1.224388 1.321493 0.4877438 -1.36022 1.172379 0.4823792 -1.361399 1.172066 0.4886059 -1.354246 1.168591 0.4833707 -1.350251 1.168186 0.5489351 -1.227352 1.367114 0.492739 -1.349655 1.18626 0.4905268 -1.35714 1.19155 0.4759052 -1.360353 1.190696 0.4928764 -1.34086 1.181224 0.5489351 -1.260589 1.488864 0.4786077 -1.32997 1.180121 0.4984514 -1.343617 1.213225 0.4313706 -1.294677 1.536229 0.4943268 -1.357572 1.223088 0.4670653 -1.363563 1.221495 0.4987076 -1.327218 1.203836 0.472104 -1.306914 1.20178 0.3231668 -1.215915 1.590067 0.3231668 -1.180495 1.460319 0.4396408 -1.163501 1.39525 0.5561147 -1.181926 1.459929 0.5046872 -1.337073 1.24434 0.498475 -1.361533 1.252354 0.5561147 -1.217346 1.589676 0.4396408 -1.234341 1.654745 0.3539428 -1.0753 1.626003 0.4574154 -1.36945 1.247406 0.3539428 -1.055203 1.529108 0.5050731 -1.309307 1.238091 0.4396408 -1.045688 1.48055 0.4650043 -1.279169 1.244128 0.5082667 -1.329715 1.295637 0.5253387 -1.056271 1.528886 0.5253387 -1.076369 1.625782 0.5008563 -1.358893 1.305196 0.451876 -1.368338 1.299294 0.4396408 -1.085883 1.67434 0.3423455 -0.9361911 1.656781 0.3423455 -0.9133738 1.546773 0.4396408 -0.9025718 1.491643 0.5087271 -1.296593 1.288182 0.4609288 -1.260641 1.295383 0.5104768 -1.320493 1.350438 0.4997089 -1.357178 1.375831 0.4285372 -1.372776 1.37152 0.3683156 -1.351206 1.16149 0.3800802 -1.319881 1.189358 0.3928061 -1.287297 1.227039 0.3979596 -1.365511 1.352048 0.3392625 -1.365809 1.352139 0.3096436 -1.317323 1.337399 0.3594048 -1.350752 1.159742 0.3709818 -1.356177 1.163505 0.36717 -1.361669 1.167315 0.3594756 -1.361703 1.167338 0.355593 -1.356244 1.163552 0.352384 -1.320219 1.184788 0.3900099 -1.341459 1.187839 0.3776215 -1.362962 1.190928 0.3526143 -1.363093 1.190946 0.3399955 -1.341722 1.187877 0.3385607 -1.29242 1.235832 0.4270378 -1.319932 1.22491 0.536936 -0.914587 1.546521 0.3979596 -1.370403 1.23216 0.3392625 -1.370712 1.232205 0.536936 -0.9374042 1.656529 0.3096436 -1.32055 1.224999 0.4396408 -0.9482063 1.711659 0.3358958 -1.262585 1.291847 0.302186 -0.6646973 1.684377 0.3994908 -1.256453 1.279533 0.302186 -0.6324621 1.528963 0.4396408 -0.6172014 1.451078 0.5770954 -0.6341759 1.528607 0.4447672 -1.30115 1.271023 0.3979596 -1.36906 1.271427 0.3392625 -1.369365 1.271359 0.3096436 -1.319909 1.282416 0.5770954 -0.6664112 1.684022 0.4396408 -0.6816719 1.761907 0.4954877 -1.363709 1.56254 0.496394 -1.346004 1.519989 0.4116422 -1.345522 1.520962 0.4537323 -1.392047 1.535831 0.2327049 -0.4303479 1.704382 0.2327049 -0.3818182 1.470408 0.4396409 -0.3588435 1.353153 0.6465765 -0.3843984 1.469873 0.6465765 -0.432928 1.703847 0.4396409 -0.4559028 1.821101 0.4564718 0.3976226 -1.483409 0.3692392 0.5005113 -1.545292 0.4794059 0.3577519 -1.559938 0.3834133 0.4709729 -1.628036 0.5186459 0.4811898 -1.532758 0.4813414 0.5251896 -1.559222 0.5284535 0.4641394 -1.565485 0.4874029 0.5125576 -1.594607 0.5194066 0.5144081 -1.561732 0.490066 0.4860038 -1.570289 0.4149029 0.446405 -1.594021 0.4536546 0.4030557 -1.560843 0.3506979 0.4008036 -1.622518 0.4185994 0.342748 -1.579591</float_array>
          <technique_common>
            <accessor count="691" source="#IID-_0001-array" stride="3">
              <param type="float" name="X" />
              <param type="float" name="Y" />
              <param type="float" name="Z" />
            </accessor>
          </technique_common>
        </source>
        <source id="IID-_0002">
          <float_array count="2073" id="IID-_0002-array">3.172085e-06 0.9999898 0.004508563 -0.794798 0.606866 0.003140294 -0.9603658 0.278733 0.002350958 -0.9978469 0.06554072 0.002475058 -0.9829491 -0.1838352 0.003952444 2.624817e-05 -0.9999114 0.0133154 -3.575114e-06 0.9830948 0.1830976 -0.7953992 0.5926266 0.1270193 -0.9589393 0.2673431 0.0946736 -0.9937164 0.05393079 0.09807801 -0.9677578 -0.1988988 0.1545453 -4.038215e-06 -0.8935392 0.4489851 5.129737e-09 0.9291197 0.3697792 -0.7535449 0.5985345 0.2718939 -0.9344032 0.2889131 0.2083742 -0.9727319 0.08239511 0.2168033 -0.9305953 -0.1456756 0.3358138 -7.981061e-05 -0.5973359 0.8019912 3.622845e-07 0.873387 0.4870268 -0.7708198 0.5346505 0.3463894 -0.9373577 0.2315509 0.2602783 -0.963317 0.02181529 0.2674779 4.043802e-06 0.717509 0.6965492 -0.6684497 0.4959074 0.5543021 -0.8640738 0.2392587 0.4428677 -0.8890093 0.04667401 0.455504 -0.7602147 -0.1586622 0.63 1.241471e-07 -0.3611811 0.9324957 -1.908868e-06 0.4925457 0.8702866 -0.1414467 0.4757614 0.8681267 -0.2296288 0.4361665 0.8700744 -0.2348399 0.3941436 0.8885387 -0.1504509 0.3643139 0.9190429 -1.536404e-05 0.3539133 0.9352782 2.196058e-06 0.2624052 0.9649577 -0.08289027 0.2614314 0.9616563 -0.1345433 0.2596588 0.9562821 -0.1358229 0.2591807 0.9562309 -0.08534964 0.2602555 0.9617602 -5.159158e-09 0.2608659 0.9653751 7.666648e-06 0.05750184 0.9983454 -0.1117879 0.05866453 0.991999 -0.1810794 0.06158869 0.9815381 -0.1832527 0.06622155 0.9808329 -0.1158283 0.07082218 0.9907411 0 0.07256062 0.997364 -4.948675e-05 -0.04655039 0.998916 -0.09219552 -0.045495 0.994701 -0.1497456 -0.04331371 0.9877754 -0.1511818 -0.04056308 0.9876734 -0.09517737 -0.03878799 0.9947044 -2.981046e-05 -0.03796526 0.999279 2.291799e-05 -0.1197811 0.9928004 -0.03014317 -0.1195403 0.9923716 -0.04869384 -0.119006 0.9916988 -0.04882806 -0.1183372 0.9917722 -0.03048193 -0.1180872 0.9925353 4.344508e-05 -0.1178358 0.9930332 3.620982e-06 0.9975411 -0.07008415 -0.8113559 0.5826321 -0.0473441 -0.9667245 0.2534342 -0.03485552 -0.9987257 0.02596199 -0.04327971 -0.9724298 -0.2261666 -0.05682475 2.346933e-05 -0.9860203 -0.166625 -4.708301e-06 0.9737593 -0.2275805 -0.7874433 0.595307 -0.1598203 -0.954622 0.272666 -0.1197922 -0.9891702 0.06880283 -0.1296476 -0.9568072 -0.1703206 -0.2356076 2.346933e-07 -0.8343495 -0.5512357 7.411838e-05 -0.5646076 -0.8253595 -0.9283572 -0.1312164 -0.3477572 -0.9671601 0.08428868 -0.2397847 -0.926969 0.2808109 -0.2487445 -0.7433802 0.5746033 -0.3423698 1.616572e-07 0.8819851 -0.4712771 4.429733e-05 -0.3835878 -0.9235044 -0.8663058 -0.1119749 -0.4868016 -0.933048 0.07059434 -0.3527574 -0.8303827 0.5421574 0.1285689 -0.1811981 0.9496981 0.2554229 1.198705e-05 0.7249938 -0.6887554 -3.723603e-06 -0.5498031 -0.8352942 -0.8525143 -0.219522 -0.4743727 -0.9363971 -0.003361028 -0.3509262 -0.9106154 0.1716753 -0.3759085 -0.74006 0.4122291 -0.5313928 2.671778e-05 0.6633117 -0.7483433 -0.0001548596 -0.5656265 -0.8246615 -0.7655216 -0.3104009 -0.5635848 -0.8909815 -0.1048322 -0.4417716 -0.8768871 0.04102442 -0.4789426 -0.7094118 0.2065274 -0.6738557 -2.066046e-05 0.3576452 -0.9338576 6.246979e-05 -0.6458471 -0.7634668 -0.6440172 -0.4590481 -0.6119776 -0.8122551 -0.2709241 -0.5165673 -0.8100314 -0.1630009 -0.5632761 -0.6359746 -0.09702343 -0.7655866 8.791685e-07 -0.07006046 -0.9975427 5.069376e-05 -0.6964352 -0.7176197 -0.5323952 -0.5630769 -0.6320598 -0.7232472 -0.3955931 -0.5660562 -0.7292023 -0.3022504 -0.6139289 -0.5484804 -0.2730302 -0.7903314 7.079542e-05 -0.2816964 -0.9595036 3.8292e-08 -0.7304251 -0.6829928 -0.4269889 -0.6429916 -0.6358004 -0.6125471 -0.5186027 -0.596521 -0.6164007 -0.4579469 -0.6405737 -0.4359903 -0.4650573 -0.7704766 -4.470348e-05 -0.490478 -0.8714535 -0.9388277 -0.3397499 -0.05632412 -0.972003 -0.2272484 -0.0597354 -0.9741659 -0.2024885 -0.09999604 -0.9472658 -0.270606 -0.1716392 -0.8420593 -0.4831052 -0.2398866 -0.8315698 -0.5370297 -0.1417421 -0.87831 -0.4734929 -0.06615235 -0.9258495 -0.3718398 -0.06736287 -0.9297452 -0.3554269 -0.09615372 -0.8898109 -0.4347853 -0.1385576 -0.7983773 -0.5812004 -0.1574794 -0.7894356 -0.6039724 -0.1095853 -0.7986218 -0.5976867 -0.07052592 -0.8529974 -0.5169516 -0.07180793 -0.8571176 -0.5068383 -0.09200191 -0.8087527 -0.5763025 -0.11745 -0.7281758 -0.6743484 -0.1225334 -0.7219924 -0.6853268 -0.09515268 -0.7574059 -0.6487154 -0.07419223 -0.8127643 -0.5776989 -0.07535297 -0.8165848 -0.569733 -0.09270125 -0.7663897 -0.632255 -0.1135803 -0.690365 -0.714041 -0.1163686 -0.6853367 -0.7221343 -0.09399848 -0.7147377 -0.695508 -0.07361154 -0.794283 -0.6028413 -0.07547784 -0.8011649 -0.590485 -0.09727418 -0.7310366 -0.6708877 -0.1244796 -0.6145178 -0.7783961 -0.128325 -0.6055361 -0.7896682 -0.0987433 -0.6899961 -0.7176616 -0.09416568 -0.7791487 -0.6201825 -0.09110983 -0.7854056 -0.6088297 -0.111644 -0.7144549 -0.6866125 -0.1346008 -0.6073464 -0.7813806 -0.143439 -0.5994872 -0.7918775 -0.116383 -0.6878281 -0.7195616 -0.09551823 -0.7670003 -0.6341349 -0.09789486 -0.7502402 -0.6499439 -0.1212951 -0.646522 -0.7546845 -0.1116274 -0.5600867 -0.8189111 -0.1252496 -0.7381113 -0.6705155 -0.07483625 -0.6586344 -0.7478522 -0.08317336 -0.6750687 -0.7334833 -0.07927638 -0.6825917 -0.7254288 -0.0884394 -0.6586581 -0.7461802 -0.09687404 -0.7258655 -0.6820775 -0.08882287 -0.7212834 -0.6878796 -0.08106735 -0.5536259 -0.8178691 -0.1568075 -0.5749567 -0.8041672 -0.1507982 -0.6360627 -0.7584304 -0.1421528 -0.6953508 -0.7050601 -0.1392027 -0.6686223 -0.7288685 -0.1472915 -0.6015013 -0.7836689 -0.1551102 -0.5523441 -0.8164938 -0.1680884 -0.5739008 -0.8035365 -0.1580092 -0.6350082 -0.7579803 -0.149099 -0.6747964 -0.7228209 -0.1489284 -0.5949281 -0.7869743 -0.1634994 -0.5818785 -0.7956435 -0.1684306 -0.5900752 -0.7904834 -0.1641561 -0.6163329 -0.7710111 -0.1602363 -0.634362 -0.7562863 -0.1600498 -0.6015158 -0.7808567 -0.1686462 -0.5947134 -0.7859228 -0.1692372 -0.5974361 -0.7842311 -0.1674867 -0.6055973 -0.7782095 -0.1662586 -0.6109921 -0.7739218 -0.1665345 -0.6001903 -0.7816591 -0.1696487 -0.5554014 -0.8186598 -0.1460324 -0.5772455 -0.8052107 -0.1357327 -0.6384687 -0.7589339 -0.1279727 -0.6525743 -0.7414473 -0.1562133 -0.6304826 -0.7588876 -0.1630372 -0.6094806 -0.7748287 -0.1678508 -0.6645599 -0.7374842 -0.1203208 -0.7235887 -0.6811705 -0.1114731 -0.7395999 -0.6630008 -0.1158529 -0.719079 -0.6817781 -0.1345517 -0.743381 -0.6566597 -0.1272119 -0.6840685 -0.717765 -0.1298599 -0.7230227 -0.6798314 -0.1227494 -0.7350623 -0.6664508 -0.1246059 -0.7164572 -0.6830419 -0.1419247 -0.7370189 -0.6621813 -0.1353478 -0.6874272 -0.7130626 -0.137788 -0.7199513 -0.6814368 -0.1315831 -0.7300793 -0.6702695 -0.1331279 -0.7138265 -0.684828 -0.1464996 -0.7278417 -0.6710855 -0.1410344 -0.6959933 -0.7040695 -0.1409942 -0.7175643 -0.6828647 -0.1371032 -0.7236994 -0.6760153 -0.13879 -0.7123256 -0.6860923 -0.1478842 -0.7200714 -0.6785949 -0.1449348 -0.7029192 -0.696333 -0.1449993 -0.714408 -0.6850254 -0.1426938 -0.7177853 -0.6812776 -0.1436845 -0.7107161 -0.6877128 -0.1481003 -0.7134577 -0.6851182 -0.146939 -0.7072158 -0.6915597 -0.1469388 -0.7112685 -0.6875219 -0.1463241 -0.7125756 -0.6861263 -0.1465156 -0.7106001 -0.6878346 -0.1480918 -0.7046832 -0.6937064 -0.1489733 -0.699179 -0.6995997 -0.1473393 -0.6931846 -0.7059729 -0.1452491 -0.4624058 -0.6102748 -0.6432306 -0.4601645 -0.5776573 -0.6742111 -0.2962113 -0.5916944 -0.7497711 4.497916e-05 -0.6074246 -0.7943773 -0.3254437 -0.6905258 -0.6459571 -0.3266485 -0.6642711 -0.6723427 -0.2022466 -0.6657121 -0.7182782 3.145635e-05 -0.6707174 -0.741713 -0.23206 -0.7456897 -0.6245759 -0.2329526 -0.7285388 -0.6441774 -0.142358 -0.7270412 -0.6716735 6.29127e-05 -0.7287664 -0.6847623 -0.1423669 -0.77282 -0.6184503 -0.1445621 -0.758486 -0.6354532 -0.08019998 -0.7543845 -0.651515 -2.710521e-05 -0.751864 -0.6593183 -6.310641e-06 -0.7437396 -0.6684694 -0.3584014 -0.6876426 -0.6314239 -0.4514026 -0.6391116 -0.6227134 -2.05636e-06 -0.7190008 -0.6950093 -0.3763196 -0.6586226 -0.6516132 -5.154033e-05 -0.7394388 -0.6732239 -0.2905786 -0.7058265 -0.6460441 6.070619e-05 -0.769872 -0.6381984 -0.2115573 -0.7505369 -0.6260495 7.418916e-05 -0.7826211 -0.6224983 -0.06567355 -0.7805359 -0.6216515 5.893201e-05 -0.7664627 -0.6422888 -0.6482334 -0.7017958 0.295425 -0.6369407 -0.7207949 0.2734254 -0.7154309 -0.647603 0.2622387 -0.5420181 -0.7895423 0.2878183 -0.6303837 -0.7330016 0.2555876 -0.7388092 -0.6375716 0.2183197 -0.6861978 -0.6963717 0.2102357 -0.7522371 -0.6195721 0.224209 -0.6681504 -0.6962769 0.2622469 -0.6935579 -0.691689 0.2013551 -0.6999824 -0.6868489 0.19561 -0.7060631 -0.6810015 0.1941953 -0.7080308 -0.6792156 0.193284 -0.5777442 -0.7604365 0.29656 -0.5909606 -0.7571067 0.2784871 -0.7014768 -0.671447 0.2389334 -0.7067431 -0.6805203 0.1934071 -0.7025466 -0.6845818 0.194361 -0.7088774 -0.678385 0.1930972 -0.7059811 -0.6810353 0.1943749 -0.7723092 -0.5962877 0.2190423 -0.712452 -0.6739921 0.1953118 -0.7090433 -0.6773929 0.1959503 -0.69755 -0.6884493 0.1986493 -0.7148191 -0.6715547 0.1950586 -0.7616565 -0.6037843 0.2352101 -0.7072783 -0.6785107 0.1984459 -0.7184492 -0.6653659 0.2027781 -0.6683753 -0.6926615 0.2710987 -0.7109097 -0.674204 0.2001405 -0.6893651 -0.6947237 0.2052677 -0.721708 -0.663162 0.1983778 -0.7075964 -0.676235 0.2049724 -0.577202 -0.749872 0.3233106 -0.5917565 -0.7464029 0.3044783 -0.7133145 -0.6517836 0.2576052 -0.7837289 -0.5752127 0.234306 -0.7224089 -0.6610271 0.2029004 -0.7122242 -0.6717865 0.2035668 -0.7721468 -0.5836443 0.251294 -0.6861913 -0.6652781 0.294188 -0.6490293 -0.6808448 0.3394279 -0.6796538 -0.7025273 0.2110117 -0.6591601 -0.6785275 0.3242043 -0.7294661 -0.6530117 0.2036047 -0.7409582 -0.6085362 0.2840154 -0.7079918 -0.6724906 0.2156476 -0.7253349 -0.6554004 0.2105697 -0.7925509 -0.5503518 0.2626329 -0.7845172 -0.5550736 0.2764527 -0.7132344 -0.6682596 0.2114848 -0.6741729 -0.7048001 0.2207892 -0.722456 -0.6163065 0.3134062 -0.6749897 -0.6372615 0.3718692 -0.687844 -0.6338108 0.353772 -0.7780882 -0.5515833 0.3005572 -0.7336705 -0.6457428 0.2115278 -0.708041 -0.6688052 0.2266661 -0.7276024 -0.650011 0.2192725 -0.7110173 -0.666944 0.2228011 -0.65157 -0.7204772 0.2374221 -0.6047961 -0.7661966 0.2171735 -0.6243617 -0.7487562 0.2225681 -0.6445438 -0.7294088 0.2291854 -0.625941 -0.7413588 0.2420438 -0.5644478 -0.7847315 0.2561155 -0.5424392 -0.7966438 0.2666805 -0.5955526 -0.7729723 0.218703 -0.6063102 -0.7652406 0.2163206 -0.6007552 -0.769249 0.2175986 -0.5924586 -0.7752459 0.2190584 -0.5899749 -0.776938 0.2197658 -0.5954556 -0.7703791 0.2279223 -0.6285894 -0.7465531 0.2180223 -0.6106312 -0.7609658 0.2192272 -0.5842596 -0.7798476 0.224674 -0.5759673 -0.7847298 0.2290432 -0.5861168 -0.7727016 0.2437198 -0.6673277 -0.7121631 0.2179392 -0.8294052 -0.4879094 0.2720872 -0.6276548 -0.7463893 0.221252 -0.5664376 -0.7901151 0.2342363 -0.8201497 -0.4942815 0.2881672 -0.5445607 -0.802058 0.2452682 -0.7556734 -0.5627136 0.3351287 -0.5896645 -0.7652421 0.258264 -0.7107762 -0.5398049 0.4510076 -0.6577083 -0.7141047 0.2397381 -0.7343808 -0.5308345 0.4229651 -0.8524288 -0.4132266 0.3203264 -0.8998257 -0.3414465 0.271529 -0.685781 -0.6927538 0.2231515 -0.6270401 -0.7448502 0.2280767 -0.5657233 -0.7884688 0.2414004 -0.5432261 -0.7995728 0.2561031 -0.8875619 -0.3538345 0.2950171 -0.8178332 -0.4379314 0.3733163 -0.7014886 -0.666688 0.251875 -0.7074431 -0.6623192 0.2466931 -0.6387541 -0.7209749 0.2686793 -0.6635637 -0.7030613 0.2557111 -0.689489 -0.4403578 0.5750564 -0.7374972 -0.4178886 0.5305346 -0.9120113 -0.2570882 0.3195952 -0.949509 -0.194843 0.2459042 -0.9351331 -0.2161554 0.2807185 -0.8604617 -0.3080789 0.405824 0 -0.6125704 0.790416 -5.075336e-05 -0.5405338 0.8413222 -0.598336 -0.7893447 0.1375826 -0.8188283 0.3099015 -0.4831991 -0.9115064 0.2348383 -0.3376495 -0.8411604 0.3566876 -0.4064766 -0.2047668 -0.4649148 0.8613506 -0.8045801 0.4519118 -0.3852615 -0.9107257 0.2761448 -0.3071201 -0.8872335 0.32203 -0.3303232 -0.9001728 0.3078431 -0.3080934 -0.8942614 0.3063167 -0.3262925 -0.8673545 0.3222552 -0.3792726 -0.8953314 0.2746074 -0.3506743 -0.8353707 0.3296679 -0.4398577 -0.889296 0.2515437 -0.3819404 0.7948002 0.6068631 0.003125988 0.9603661 0.2787317 0.002348736 0.997847 0.06553807 0.002447303 0.9829485 -0.183839 0.003921866 0.7953893 0.5926322 0.1270547 0.9589413 0.2673374 0.09466915 0.9937183 0.05393371 0.09805713 0.9677523 -0.198901 0.1545763 0.7535444 0.5985344 0.271896 0.9344039 0.2889117 0.208373 0.9727323 0.08239714 0.2168009 0.9305869 -0.1456896 0.335831 0.7708212 0.5346574 0.3463757 0.9373577 0.2315509 0.2602783 0.963317 0.02181529 0.2674779 0.6684483 0.4959136 0.5542983 0.8640739 0.2392588 0.4428675 0.8890095 0.04667403 0.4555039 0.7602157 -0.1586684 0.6299972 0.1414536 0.4757692 0.8681213 0.2296445 0.436183 0.8700619 0.2347896 0.3940955 0.8885733 0.1505179 0.3643409 0.9190212 0.08290606 0.2614828 0.961641 0.1345341 0.2595933 0.9563011 0.1358261 0.2591071 0.9562504 0.08534977 0.2602555 0.9617601 0.1118179 0.05873135 0.9919916 0.1810787 0.06158181 0.9815387 0.1832597 0.06621701 0.9808319 0.1158284 0.07082219 0.9907411 0.09218231 -0.04551151 0.9947014 0.149762 -0.04326892 0.9877749 0.1511758 -0.04059545 0.9876729 0.09519383 -0.03870964 0.9947058 0.03014249 -0.11954 0.9923717 0.04868626 -0.1190112 0.9916985 0.04880901 -0.1183675 0.9917696 0.03040474 -0.1180721 0.9925394 0.8113561 0.5826317 -0.04734587 0.9667241 0.2534358 -0.03485336 0.9987259 0.02596682 -0.04327095 0.9724365 -0.2261415 -0.05680769 0.7874434 0.5953068 -0.1598204 0.9546259 0.2726495 -0.1197979 0.9891702 0.06880268 -0.1296476 0.9568062 -0.1703046 -0.2356228 0.9283573 -0.1312165 -0.3477571 0.9671686 0.08427909 -0.2397539 0.9269691 0.2808108 -0.2487445 0.7433801 0.5746032 -0.3423699 0.8663179 -0.1119594 -0.4867837 0.9330443 0.0705774 -0.3527709 0.8303826 0.5421574 0.1285689 0.181198 0.949698 0.2554229 0.8524812 -0.2195733 -0.4744084 0.9363891 -0.003404439 -0.3509471 0.9106197 0.1716901 -0.3758915 0.7400576 0.4122185 -0.5314044 0.7654213 -0.3105157 -0.5636578 0.8909746 -0.1048481 -0.4417817 0.876887 0.04102589 -0.4789425 0.7094219 0.2065456 -0.6738393 0.6439946 -0.459072 -0.6119835 0.8122466 -0.2709444 -0.51657 0.810034 -0.1630154 -0.5632679 0.6359476 -0.09703095 -0.765608 0.5323954 -0.5630766 -0.6320599 0.7232414 -0.3956067 -0.566054 0.7292024 -0.3022503 -0.6139289 0.5484803 -0.2730302 -0.7903315 0.4269582 -0.6430132 -0.6357993 0.612497 -0.5186993 -0.5964886 0.6164041 -0.4579616 -0.64056 0.4359202 -0.4650435 -0.7705246 0.9388445 -0.3397053 -0.0563143 0.9720031 -0.2272482 -0.05973539 0.9741659 -0.2024886 -0.09999604 0.9472713 -0.2705807 -0.1716478 0.8420661 -0.4830972 -0.2398786 0.8315667 -0.5370318 -0.1417523 0.8782896 -0.4735312 -0.06614685 0.925855 -0.3718255 -0.06736579 0.9297342 -0.3554547 -0.09615747 0.8898267 -0.4347486 -0.1385715 0.7983773 -0.5812002 -0.1574795 0.7894177 -0.6039883 -0.1096251 0.7986217 -0.5976865 -0.07052904 0.8530222 -0.516907 -0.0718348 0.8571593 -0.5067791 -0.09193978 0.8087526 -0.5763042 -0.1174426 0.728201 -0.6743119 -0.1225834 0.7219924 -0.6853269 -0.095153 0.7574059 -0.6487163 -0.07418666 0.8127897 -0.5776587 -0.0753888 0.8165896 -0.5697283 -0.0926891 0.7663897 -0.6322574 -0.1135665 0.690365 -0.714041 -0.1163687 0.6853349 -0.7221356 -0.09400144 0.7146961 -0.695552 -0.07359964 0.7942785 -0.6028481 -0.07547086 0.8011673 -0.5904843 -0.09725814 0.7310703 -0.6708577 -0.1244434 0.6145265 -0.7783867 -0.1283414 0.6055708 -0.7896513 -0.09866524 0.6899775 -0.717679 -0.09416933 0.7791618 -0.62016 -0.09115095 0.7854151 -0.6088212 -0.1116243 0.7144251 -0.6866366 -0.1346358 0.6073624 -0.7813662 -0.1434495 0.5994937 -0.7918746 -0.1163697 0.6878145 -0.7195727 -0.09553201 0.7670004 -0.6341348 -0.0978948 0.7502 -0.6499758 -0.1213727 0.6465285 -0.7546811 -0.1116131 0.5601074 -0.8189016 -0.1252194 0.7381115 -0.6705154 -0.07483622 0.6585943 -0.7478833 -0.08321178 0.6751562 -0.7334114 -0.07919461 0.6826034 -0.7254133 -0.08847736 0.6586955 -0.7461408 -0.09692362 0.7258863 -0.6820545 -0.08882996 0.7213024 -0.6878599 -0.08106533 0.5536295 -0.8178518 -0.1568849 0.5749606 -0.8041659 -0.1507894 0.6360595 -0.7584269 -0.1421861 0.6953602 -0.705052 -0.1391967 0.6685982 -0.7288855 -0.1473172 0.6014583 -0.7837032 -0.1551039 0.5523456 -0.8164923 -0.168091 0.5739019 -0.8035342 -0.1580169 0.635008 -0.7579756 -0.1491236 0.6747963 -0.7228214 -0.1489265 0.5948472 -0.7870315 -0.1635182 0.5818464 -0.7956747 -0.168394 0.5900736 -0.7904909 -0.1641254 0.6163316 -0.7710128 -0.1602331 0.6343967 -0.7562656 -0.1600098 0.6014163 -0.7809277 -0.1686731 0.5947676 -0.785871 -0.1692875 0.5974705 -0.7841827 -0.1675908 0.6055731 -0.7782351 -0.1662268 0.6109549 -0.7739488 -0.1665449 0.6002134 -0.7816408 -0.1696512 0.5554014 -0.8186541 -0.146064 0.5772364 -0.8052162 -0.1357392 0.6384693 -0.7589337 -0.1279705 0.6527141 -0.7413595 -0.1560463 0.6304798 -0.7588893 -0.1630406 0.6094761 -0.7748328 -0.1678482 0.6645644 -0.7374829 -0.1203042 0.723582 -0.6811758 -0.1114834 0.739611 -0.6629981 -0.1157978 0.7191038 -0.6817614 -0.1345033 0.7433721 -0.6566665 -0.1272278 0.684069 -0.7177757 -0.1297987 0.7230228 -0.6798314 -0.122749 0.735062 -0.666444 -0.124645 0.716445 -0.6830521 -0.1419375 0.7370166 -0.6621838 -0.1353484 0.6874266 -0.7130706 -0.1377495 0.7199513 -0.6814368 -0.1315828 0.7300786 -0.6702687 -0.1331361 0.7138467 -0.6848046 -0.1465112 0.7278411 -0.6710858 -0.1410361 0.6959991 -0.7040558 -0.141034 0.7175644 -0.6828647 -0.1371032 0.7237082 -0.6760194 -0.1387242 0.7123516 -0.6860692 -0.1478663 0.7200641 -0.6785992 -0.1449506 0.702922 -0.6963251 -0.1450247 0.714408 -0.6850253 -0.1426938 0.7177854 -0.6812775 -0.1436843 0.7106748 -0.6877721 -0.148023 0.7134408 -0.6851327 -0.1469534 0.7072096 -0.691568 -0.1469295 0.7112649 -0.6875258 -0.1463234 0.7125931 -0.6861088 -0.1465123 0.7106349 -0.6878139 -0.1480201 0.7047215 -0.6936644 -0.1489884 0.699213 -0.699546 -0.1474337 0.69319 -0.7059643 -0.1452647 0.4624049 -0.610275 -0.643231 0.4601645 -0.5776572 -0.6742112 0.2961602 -0.5916763 -0.7498055 0.3254441 -0.6905258 -0.645957 0.3266484 -0.6642709 -0.6723428 0.2022709 -0.6657221 -0.7182621 0.2320602 -0.7456895 -0.624576 0.2329528 -0.7285385 -0.6441776 0.142358 -0.7270412 -0.6716735 0.142432 -0.7727792 -0.6184865 0.1445618 -0.7584862 -0.6354531 0.08023933 -0.7544141 -0.6514761 0.3583776 -0.6876609 -0.6314175 0.4514165 -0.6390896 -0.622726 0.3764126 -0.6585733 -0.6516093 0.2906019 -0.7058095 -0.6460522 0.2115751 -0.7505312 -0.6260502 0.06567452 -0.7805359 -0.6216514 0.6482776 -0.701738 0.2954657 0.6369475 -0.7207893 0.2734241 0.7154474 -0.647586 0.2622353 0.5420023 -0.789561 0.2877967 0.6303833 -0.732997 0.2556018 0.7387933 -0.6376037 0.2182794 0.6861979 -0.6963717 0.2102355 0.7522393 -0.6195663 0.2242179 0.6681414 -0.6962908 0.2622332 0.6935509 -0.6916909 0.2013723 0.7001446 -0.686731 0.1954434 0.06205688 -0.1684388 0.9837567 0.7080283 -0.6792173 0.1932871 0.577748 -0.7604504 0.2965173 0.5909674 -0.7571083 0.2784683 0.7014573 -0.6714837 0.2388875 0.7067428 -0.6805207 0.1934073 0.7025463 -0.6845817 0.1943621 0.7088252 -0.6784481 0.1930673 0.7060902 -0.6809374 0.1943216 0.7722833 -0.5963042 0.2190888 0.7124516 -0.6739926 0.1953118 0.7090417 -0.6773944 0.1959509 0.6975313 -0.6884502 0.1987122 0.7148303 -0.671532 0.1950958 0.7616641 -0.6037923 0.2351655 0.7072789 -0.6785103 0.1984448 0.7173267 -0.6677375 0.1989198 0.6683725 -0.6926655 0.2710953 0.7109097 -0.6742041 0.2001405 0.6893656 -0.6947227 0.2052693 0.7217019 -0.6631769 0.1983504 0.7075963 -0.6762348 0.2049729 0.5771552 -0.7499423 0.323231 0.5917675 -0.7464123 0.3044337 0.7133147 -0.6517835 0.2576053 0.7837197 -0.5752437 0.2342606 0.722403 -0.6610426 0.2028711 0.7122124 -0.6717978 0.2035715 0.7721468 -0.5836442 0.2512937 0.6861912 -0.6652781 0.2941881 0.6490169 -0.6808631 0.3394149 0.6796634 -0.7025203 0.2110046 0.6591535 -0.6785275 0.3242173 0.7294638 -0.6530201 0.203586 0.740966 -0.6085242 0.2840205 0.7079959 -0.6724811 0.2156637 0.7253361 -0.6553952 0.2105818 0.7925491 -0.5503556 0.2626299 0.7845535 -0.5550503 0.2763966 0.7132502 -0.6682447 0.2114788 0.6741798 -0.7048002 0.2207676 0.7225694 -0.6161587 0.3134356 0.6749835 -0.6372775 0.3718529 0.6878173 -0.6338136 0.3538189 0.7780882 -0.5515795 0.3005643 0.7336717 -0.6457322 0.2115558 0.7080364 -0.6688153 0.2266508 0.7275907 -0.6500341 0.2192429 0.7110106 -0.6669478 0.2228105 0.6515552 -0.7204728 0.237476 0.6048235 -0.7661693 0.2171936 0.6243294 -0.748799 0.2225149 0.6445701 -0.7293642 0.2292539 0.6259387 -0.7413574 0.2420537 0.5644474 -0.7847236 0.2561405 0.5424385 -0.79664 0.266693 0.5955719 -0.7729573 0.2187033 0.6063094 -0.7652411 0.2163213 0.6008094 -0.7692152 0.2175686 0.5925418 -0.7752114 0.2189559 0.5899597 -0.7769454 0.2197802 0.5954912 -0.770347 0.2279378 0.6286008 -0.7465403 0.2180334 0.6106081 -0.7609813 0.2192378 0.5842388 -0.7798498 0.2247208 0.5759234 -0.7847413 0.2291139 0.5861397 -0.7726784 0.2437382 0.6673239 -0.7121722 0.2179208 0.829393 -0.4879392 0.2720709 0.6276872 -0.7463667 0.2212362 0.5664442 -0.7901149 0.2342208 0.8201597 -0.4942733 0.288153 0.5445706 -0.8020607 0.2452374 0.7556402 -0.5627651 0.335117 0.5896702 -0.7652388 0.2582608 0.71077 -0.5398164 0.4510035 0.657724 -0.7140771 0.2397769 0.7343807 -0.5308346 0.4229652 0.8524287 -0.413223 0.3203311 0.8998277 -0.3414409 0.2715293 0.6857908 -0.6927437 0.2231527 0.6270013 -0.7448693 0.2281207 0.5657287 -0.7884706 0.2413819 0.5432212 -0.799548 0.2561907 0.8875648 -0.3538294 0.2950141 0.8178587 -0.4378726 0.3733293 0.7014886 -0.6666875 0.2518761 0.7074267 -0.6623344 0.2466995 0.638781 -0.720956 0.2686658 0.6635628 -0.7030637 0.2557064 0.6895151 -0.4404156 0.5749808 0.7375119 -0.4178821 0.5305193 0.9120239 -0.2570577 0.3195838 0.9495142 -0.19482 0.2459023 0.9351302 -0.2161659 0.2807204 0.8604571 -0.3081019 0.4058161 0.5983563 -0.7893211 0.1376297 0.8764396 -0.01776045 0.4811842 0.9115064 0.2348382 -0.3376493 0.8411626 0.3566785 -0.40648 0.9883603 0.1476827 -0.0365189 0.8521632 0.1999405 0.4835718 0.9107257 0.2761448 -0.3071201 0.8871989 0.3221771 -0.3302725 0.9001514 0.3078614 -0.3081373 0.894315 0.3062208 -0.3262353 0.8673418 0.3222725 -0.3792871 0.8953465 0.2745684 -0.3506663 0.8353588 0.3296851 -0.4398675 0.889299 0.2515364 -0.381938</float_array>
          <technique_common>
            <accessor count="691" source="#IID-_0002-array" stride="3">
              <param type="float" name="X" />
              <param type="float" name="Y" />
              <param type="float" name="Z" />
            </accessor>
          </technique_common>
        </source>
        <source id="IID-_0003">
          <float_array count="8268" id="IID-_0003-array">0.4901041 0.4343339 0.5091864 0.419264 0.6372515 0.4164233 0.4678895 0.6909492 0.4628364 0.6078838 0.6031159 0.6191713 0.4628364 0.6078838 0.471735 0.5063776 0.6113183 0.5098393 0.471735 0.5063776 0.4901041 0.4343339 0.6248089 0.4324096 0.4836637 0.7197155 0.4678895 0.6909492 0.60432 0.7080804 0.60432 0.7080804 0.6031159 0.6191713 0.7451093 0.6229779 0.6031159 0.6191713 0.6113183 0.5098393 0.7509577 0.5290968 0.6113183 0.5098393 0.6248089 0.4324096 0.7572424 0.4614703 0.613686 0.7379264 0.60432 0.7080804 0.7424642 0.6994202 0.6248089 0.4324096 0.6372515 0.4164233 0.7612769 0.4460568 0.7509577 0.5290968 0.8213546 0.507278 0.8161131 0.6007884 0.7424642 0.6994202 0.8116353 0.6776569 0.8098533 0.7049536 0.8022291 0.4272473 0.7572424 0.4614703 0.7612769 0.4460568 0.7451093 0.6229779 0.8161131 0.6007884 0.8116353 0.6776569 0.8213546 0.507278 0.9011074 0.5216848 0.8981379 0.582559 0.8776768 0.4091593 0.8537078 0.4052747 0.8843181 0.356652 0.8116353 0.6776569 0.8938075 0.633301 0.8900035 0.6529205 0.8019086 0.4128677 0.7768378 0.4239508 0.833539 0.3698021 0.8161131 0.6007884 0.8981379 0.582559 0.8938075 0.633301 0.8981379 0.582559 0.9011074 0.5216848 0.9256289 0.5804907 0.9011074 0.5216848 0.9014453 0.4772643 0.924875 0.5739215 0.8900035 0.6529205 0.8938075 0.633301 0.9261553 0.596173 0.9014453 0.4772643 0.8991818 0.4663715 0.9241517 0.571824 0.8938075 0.633301 0.8981379 0.582559 0.9261197 0.5890154 0.924875 0.5739215 0.9291949 0.5373585 0.9252725 0.5369506 0.9261553 0.596173 0.9372799 0.5389188 0.9383292 0.5394697 0.9241517 0.571824 0.9252725 0.5369506 0.9235268 0.5370434 0.9261197 0.5890154 0.9337889 0.5381113 0.9372799 0.5389188 0.9256289 0.5804907 0.9291949 0.5373585 0.9337889 0.5381113 0.9252725 0.5369506 0.9235936 0.5070832 0.9184898 0.5075697 0.9372799 0.5389188 0.934157 0.5070406 0.9355404 0.5074994 0.9235268 0.5370434 0.9184898 0.5075697 0.9162411 0.5081514 0.9337889 0.5381113 0.9295909 0.5068807 0.934157 0.5070406 0.9291949 0.5373585 0.9235936 0.5070832 0.9295909 0.5068807 0.934157 0.5070406 0.9304368 0.4916909 0.9315736 0.4921075 0.9162411 0.5081514 0.9176897 0.4921208 0.9158611 0.4926374 0.9295909 0.5068807 0.9267168 0.4915339 0.9304368 0.4916909 0.9235936 0.5070832 0.9218395 0.4916984 0.9267168 0.4915339 0.9184898 0.5075697 0.9218395 0.4916984 0.9176897 0.4921208 0.9158611 0.4926374 0.9194129 0.4813145 0.918825 0.4814899 0.9267168 0.4915339 0.9222986 0.4811211 0.9234917 0.4811773 0.9218395 0.4916984 0.9207397 0.4811737 0.9222986 0.4811211 0.9176897 0.4921208 0.9207397 0.4811737 0.9194129 0.4813145 0.9304368 0.4916909 0.9234917 0.4811773 0.9238623 0.4813201 0.4901041 0.4343339 0.471735 0.5063776 0.4078427 0.4847423 0.4678895 0.6909492 0.4836637 0.7197155 0.4338579 0.7117055 0.5091864 0.419264 0.4901041 0.4343339 0.4389492 0.4170623 0.4628364 0.6078838 0.4678895 0.6909492 0.4147829 0.68156 0.471735 0.5063776 0.4628364 0.6078838 0.4079789 0.5954486 0.4078427 0.4847423 0.4079789 0.5954486 0.3080064 0.5857939 0.4078427 0.4847423 0.3100765 0.4973797 0.3653714 0.4028788 0.4338579 0.7117055 0.3379194 0.6889929 0.3165011 0.6614711 0.3653714 0.4028788 0.3100765 0.4973797 0.3521339 0.4146275 0.4147829 0.68156 0.3165011 0.6614711 0.3080064 0.5857939 0.3290771 0.438681 0.286474 0.4633584 0.3127615 0.4533852 0.3379194 0.6889929 0.2338256 0.6350454 0.2196116 0.6136944 0.3165011 0.6614711 0.2196116 0.6136944 0.2262496 0.5597491 0.3100765 0.4973797 0.3080064 0.5857939 0.2262496 0.5597491 0.3290771 0.438681 0.3100765 0.4973797 0.2518263 0.4957127 0.2338256 0.6350454 0.1699229 0.5866131 0.16048 0.5701174 0.286474 0.4633584 0.2450123 0.4557732 0.2681682 0.4593166 0.2518263 0.4957127 0.2078155 0.4872452 0.2450123 0.4557732 0.2196116 0.6136944 0.16048 0.5701174 0.174861 0.5317457 0.2262496 0.5597491 0.174861 0.5317457 0.2078155 0.4872452 0.2078155 0.4872452 0.174861 0.5317457 0.1454006 0.5148417 0.16048 0.5701174 0.1699229 0.5866131 0.1413928 0.5759764 0.174861 0.5317457 0.1540967 0.5503045 0.1366184 0.5403409 0.2450123 0.4557732 0.2078155 0.4872452 0.1819111 0.4657903 0.2681682 0.4593166 0.2235065 0.4316444 0.2450123 0.4557732 0.1300554 0.5574436 0.1413928 0.5759764 0.105402 0.5209658 0.1454006 0.5148417 0.1300554 0.5574436 0.0971811 0.5059363 0.2235065 0.4316444 0.1819111 0.4657903 0.153799 0.4405024 0.2432441 0.440625 0.2235065 0.4316444 0.1953496 0.4174832 0.1819111 0.4657903 0.1454006 0.5148417 0.1155993 0.4748764 0.0971811 0.5059363 0.105402 0.5209658 0.09144496 0.4613981 0.1155993 0.4748764 0.0971811 0.5059363 0.08572651 0.4495348 0.1953496 0.4174832 0.153799 0.4405024 0.1404097 0.4061783 0.2232357 0.4145778 0.1953496 0.4174832 0.1786093 0.3925749 0.153799 0.4405024 0.1155993 0.4748764 0.1043926 0.4282458 0.09144496 0.4613981 0.08303504 0.4297076 0.07796005 0.4189001 0.08572651 0.4495348 0.07796005 0.4189001 0.09387282 0.4003102 0.1404097 0.4061783 0.1247718 0.3814377 0.1578138 0.3700874 0.1786093 0.3925749 0.1578138 0.3700874 0.1797268 0.3705275 0.1043926 0.4282458 0.09387282 0.4003102 0.1247718 0.3814377 0.09387282 0.4003102 0.07796005 0.4189001 0.07296403 0.3816298 0.1578138 0.3700874 0.1247718 0.3814377 0.1152245 0.3570157 0.1797268 0.3705275 0.1578138 0.3700874 0.1443951 0.350851 0.1247718 0.3814377 0.09387282 0.4003102 0.08764739 0.3688913 0.07796005 0.4189001 0.08303504 0.4297076 0.07671458 0.3902459 0.9194129 0.4813145 0.9222986 0.4811211 0.9207397 0.4811737 0.4416026 0.3835642 0.4234509 0.3443537 0.4334045 0.3358624 0.3889163 0.4185899 0.3782279 0.3618929 0.4023041 0.3654583 0.4056349 0.3789812 0.3653714 0.4028788 0.3873603 0.353265 0.4264726 0.3950733 0.4023041 0.3654583 0.4234509 0.3443537 0.3653714 0.4028788 0.3521339 0.4146275 0.3782279 0.3618929 0.4416026 0.3835642 0.4056349 0.3789812 0.4096898 0.3319954 0.4234509 0.3443537 0.3976997 0.2903445 0.4209613 0.2869908 0.3873603 0.353265 0.3782279 0.3618929 0.3875362 0.2917661 0.4334045 0.3358624 0.4096898 0.3319954 0.4112597 0.2768966 0.4334045 0.3358624 0.4209613 0.2869908 0.4279405 0.2803102 0.4023041 0.3654583 0.3875362 0.2917661 0.3976997 0.2903445 0.4096898 0.3319954 0.3873603 0.353265 0.3941095 0.2849999 0.4279405 0.2803102 0.4166752 0.2578851 0.4227602 0.2517039 0.3976997 0.2903445 0.3880801 0.2623189 0.3962098 0.2608275 0.4112597 0.2768966 0.3941095 0.2849999 0.3938515 0.2560647 0.4209613 0.2869908 0.3962098 0.2608275 0.4166752 0.2578851 0.3941095 0.2849999 0.3875362 0.2917661 0.3880801 0.2623189 0.4279405 0.2803102 0.4112597 0.2768966 0.4080712 0.2483914 0.4080712 0.2483914 0.4083241 0.1564504 0.428214 0.160571 0.4166752 0.2578851 0.428214 0.160571 0.4227602 0.2517039 0.3880801 0.2623189 0.4053099 0.2248067 0.3962098 0.2608275 0.3938515 0.2560647 0.3801013 0.1622209 0.4083241 0.1564504 0.3962098 0.2608275 0.420148 0.170174 0.4166752 0.2578851 0.3880801 0.2623189 0.3851653 0.2209718 0.3801013 0.1622209 0.4053099 0.2248067 0.3998671 0.1599439 0.420148 0.170174 0.3851653 0.2209718 0.3617816 0.1522032 0.3583266 0.1586076 0.428214 0.160571 0.420148 0.170174 0.4258804 0.1531719 0.3851653 0.2209718 0.3741509 0.1652028 0.4053099 0.2248067 0.3801013 0.1622209 0.3617816 0.1522032 0.3882248 0.1468035 0.3741509 0.1652028 0.3709276 0.1478237 0.3926225 0.1511623 0.3617816 0.1522032 0.3564132 0.1437382 0.3781921 0.1363421 0.3741509 0.1652028 0.3926225 0.1511623 0.3998671 0.1599439 0.3617816 0.1522032 0.3583266 0.1586076 0.3564132 0.1437382 0.3882248 0.1468035 0.3781921 0.1363421 0.401158 0.1401664 0.3100765 0.4973797 0.3290771 0.438681 0.3521339 0.4146275 0.3290771 0.438681 0.364709 0.4160255 0.3889163 0.4185899 0.3889163 0.4185899 0.364709 0.4160255 0.4615076 0.4025254 0.4264726 0.3950733 0.4615076 0.4025254 0.4389492 0.4170623 0.4416026 0.3835642 0.4389492 0.4170623 0.4056349 0.3789812 0.4389492 0.4170623 0.4078427 0.4847423 0.4056349 0.3789812 0.3993094 0.1329228 0.4086333 0.1298733 0.3882248 0.1468035 0.4170283 0.1411078 0.4176491 0.1318736 0.4258804 0.1531719 0.4170283 0.1411078 0.3882248 0.1468035 0.4086333 0.1298733 0.4086333 0.1298733 0.4057537 0.1264183 0.4176491 0.1318736 0.4050807 0.1474632 0.3882248 0.1468035 0.3993094 0.1329228 0.4039176 0.1382114 0.4176491 0.1318736 0.420148 0.170174 0.4176491 0.1318736 0.4057537 0.1264183 0.4039176 0.1382114 0.4170283 0.1411078 0.4258804 0.1531719 0.428214 0.160571 0.428214 0.160571 0.4083241 0.1564504 0.4170283 0.1411078 0.4258804 0.1531719 0.420148 0.170174 0.4176491 0.1318736 0.420148 0.170174 0.3998671 0.1599439 0.4039176 0.1382114 0.4039176 0.1382114 0.4057537 0.1264183 0.3993094 0.1329228 0.3998671 0.1599439 0.4039176 0.1382114 0.4050807 0.1474632 0.4039176 0.1382114 0.4050807 0.1474632 0.3993094 0.1329228 0.3993094 0.1329228 0.4057537 0.1264183 0.4086333 0.1298733 0.3882248 0.1468035 0.4170283 0.1411078 0.4083241 0.1564504 0.35676 0.1349476 0.3479545 0.1459036 0.3487407 0.1342332 0.359709 0.1466839 0.3479299 0.1499413 0.3479545 0.1459036 0.35676 0.1349476 0.3534035 0.1314453 0.345302 0.1307254 0.3534035 0.1314453 0.3491987 0.1422862 0.3410335 0.1390288 0.3479545 0.1459036 0.3371784 0.1429859 0.3389922 0.1394646 0.3487407 0.1342332 0.345302 0.1307254 0.3378261 0.1329862 0.345302 0.1307254 0.3410335 0.1390288 0.3360023 0.1365102 0.3487407 0.1342332 0.3393171 0.1344761 0.3389922 0.1394646 0.3389922 0.1394646 0.3322302 0.1361755 0.3333576 0.1353514 0.3393171 0.1344761 0.3378261 0.1329862 0.3335513 0.1336095 0.3378261 0.1329862 0.3360023 0.1365102 0.3324224 0.1344338 0.3393171 0.1344761 0.3340181 0.1340694 0.3333576 0.1353514 0.359709 0.1466839 0.3732928 0.1365765 0.3709276 0.1478237 0.3534035 0.1314453 0.35676 0.1349476 0.3732928 0.1365765 0.3526893 0.1540995 0.3583266 0.1586076 0.3525017 0.1498137 0.3428305 0.1476764 0.3526893 0.1540995 0.3491987 0.1422862 0.3364631 0.1414547 0.3360023 0.1365102 0.3410335 0.1390288 0.3320639 0.1355667 0.3324224 0.1344338 0.3360023 0.1365102 0.3526893 0.1540995 0.3428305 0.1476764 0.3479299 0.1499413 0.3479299 0.1499413 0.3364631 0.1414547 0.3371784 0.1429859 0.3371784 0.1429859 0.3320639 0.1355667 0.3322302 0.1361755 0.3340181 0.1340694 0.3335513 0.1336095 0.3320639 0.1355667 0.4050807 0.1474632 0.401158 0.1401664 0.3998671 0.1599439 0.3926225 0.1511623 0.401158 0.1401664 0.3998671 0.1599439 0.3709276 0.1478237 0.3732928 0.1365765 0.3926225 0.1511623 0.3732928 0.1365765 0.3926225 0.1511623 0.370025 0.1330827 0.387801 0.1345628 0.370025 0.1330827 0.3926225 0.1511623 0.3926225 0.1511623 0.401158 0.1401664 0.387801 0.1345628 0.3583266 0.1586076 0.3590052 0.1567013 0.3741509 0.1652028 0.3590052 0.1567013 0.3709276 0.1478237 0.3741509 0.1652028 0.3781921 0.1363421 0.3564132 0.1437382 0.3624082 0.135276 0.401158 0.1401664 0.3781921 0.1363421 0.3691069 0.1287695 0.387801 0.1345628 0.401158 0.1401664 0.3725109 0.1299715 0.387801 0.1345628 0.3725109 0.1299715 0.370025 0.1330827 0.3624082 0.135276 0.3512101 0.132895 0.3542572 0.1275285 0.3564132 0.1437382 0.3583266 0.1586076 0.3525017 0.1498137 0.3564132 0.1437382 0.3489267 0.139532 0.3512101 0.132895 0.3691069 0.1287695 0.3542572 0.1275285 0.3560632 0.1285929 0.3512101 0.132895 0.340803 0.1310215 0.3433692 0.126527 0.3489267 0.139532 0.341927 0.1452133 0.3525017 0.1498137 0.3489267 0.139532 0.3388844 0.13658 0.340803 0.1310215 0.3560632 0.1285929 0.3542572 0.1275285 0.3433692 0.126527 0.340803 0.1310215 0.3347883 0.1297159 0.3374003 0.1272513 0.3388844 0.13658 0.3332224 0.1386606 0.341927 0.1452133 0.3388844 0.13658 0.3324572 0.1329266 0.3347883 0.1297159 0.3433692 0.126527 0.3374003 0.1272513 0.3388362 0.1277168 0.3347883 0.1297159 0.3296119 0.128531 0.3310142 0.1272103 0.3324572 0.1329266 0.3332224 0.1386606 0.328779 0.133332 0.3324572 0.1329266 0.3283619 0.130251 0.3296119 0.128531 0.3374003 0.1272513 0.3310142 0.1272103 0.3317974 0.1274603 0.3296119 0.128531 0.3267209 0.127021 0.3272355 0.1265367 0.3283619 0.130251 0.328779 0.133332 0.3264166 0.1287834 0.3296119 0.128531 0.3283619 0.130251 0.3262624 0.1276513 0.3310142 0.1272103 0.3272355 0.1265367 0.3275258 0.1266291 0.3264166 0.1287834 0.3262624 0.1276513 0.3264166 0.1287834 0.328779 0.133332 0.3264166 0.1287834 0.3269149 0.1286935 0.3317292 0.1309029 0.3317974 0.1274603 0.3388362 0.1277168 0.3332224 0.1386606 0.3317292 0.1309029 0.3385386 0.1350828 0.3385386 0.1350828 0.3388362 0.1277168 0.3449424 0.1274252 0.3491987 0.1422862 0.3525017 0.1498137 0.341927 0.1452133 0.3385386 0.1350828 0.341927 0.1452133 0.3332224 0.1386606 0.3449424 0.1274252 0.3491987 0.1422862 0.3385386 0.1350828 0.3560632 0.1285929 0.3534035 0.1314453 0.370025 0.1330827 0.3491987 0.1422862 0.3534035 0.1314453 0.3560632 0.1285929 0.3590052 0.1567013 0.3583266 0.1586076 0.3526893 0.1540995 0.07296403 0.3816298 0.06937815 0.3540325 0.08139374 0.3475541 0.07671458 0.3902459 0.07135711 0.3593201 0.06937815 0.3540325 0.08764739 0.3688913 0.08139374 0.3475541 0.103441 0.3427322 0.06937815 0.3540325 0.06912374 0.3338291 0.07767219 0.3276497 0.07135711 0.3593201 0.07053122 0.3383248 0.06912374 0.3338291 0.08139374 0.3475541 0.07767219 0.3276497 0.09353103 0.322501 0.06912374 0.3338291 0.0690553 0.3106466 0.07544716 0.3059317 0.06912374 0.3338291 0.07053122 0.3383248 0.07016695 0.314192 0.07767219 0.3276497 0.07544716 0.3059317 0.08730792 0.3020889 0.0690553 0.3106466 0.07074371 0.3000896 0.07529692 0.2967038 0.07016695 0.314192 0.07082161 0.3029802 0.07074371 0.3000896 0.08730792 0.3020889 0.07544716 0.3059317 0.07529692 0.2967038 0.1443951 0.350851 0.1152245 0.3570157 0.1038537 0.3323096 0.1443951 0.350851 0.1125942 0.3277061 0.1325537 0.3341205 0.1177925 0.3403027 0.103441 0.3427322 0.1038537 0.3323096 0.1325537 0.3341205 0.1125942 0.3277061 0.1177925 0.3403027 0.103441 0.3427322 0.09353103 0.322501 0.09819387 0.3212943 0.1319202 0.3439029 0.1177925 0.3403027 0.09819387 0.3212943 0.08730792 0.3020889 0.08903854 0.3022225 0.09819387 0.3212943 0.1080482 0.3253822 0.08903854 0.3022225 0.09819387 0.3212943 0.08124855 0.2912432 0.0853655 0.2924186 0.08903854 0.3022225 0.09797312 0.3057396 0.08903854 0.3022225 0.0853655 0.2924186 0.1038537 0.3323096 0.1125942 0.3277061 0.1177925 0.3403027 0.1152245 0.3570157 0.103441 0.3427322 0.1038537 0.3323096 0.0853655 0.2924186 0.08002578 0.29929 0.08804061 0.2935969 0.07074371 0.3000896 0.07082161 0.3029802 0.08002578 0.29929 0.923142 0.2467977 0.9297222 0.1393423 0.9397956 0.1421662 0.9393948 0.2785781 0.9281684 0.2754759 0.923142 0.2467977 0.9044034 0.2789266 0.8924546 0.2853967 0.8918236 0.2558129 0.8830869 0.1389867 0.8870944 0.1406864 0.8809109 0.1371735 0.8767303 0.1171439 0.8798479 0.1283511 0.8719431 0.1229241 0.8798479 0.1283511 0.8807079 0.1200382 0.8849189 0.1180133 0.9271746 0.2849702 0.9019802 0.2587245 0.9223762 0.2557687 0.8849189 0.1180133 0.8807079 0.1200382 0.8932975 0.1212764 0.8757532 0.1199812 0.8709053 0.1189782 0.8726228 0.117104 0.8656234 0.1216633 0.8639089 0.1182354 0.8639734 0.1181496 0.8798479 0.1283511 0.8832591 0.1340837 0.8753167 0.1306148 0.8639089 0.1182354 0.8639089 0.1182354 0.863984 0.1173922 0.8688568 0.125677 0.867242 0.1197955 0.8719431 0.1229241 0.8849189 0.1180133 0.8856324 0.1173299 0.8772839 0.1165666 0.8658314 0.1193689 0.8639089 0.1182354 0.8656234 0.1216633 0.8744908 0.1241858 0.8688568 0.125677 0.8753167 0.1306148 0.8692548 0.1214069 0.8658314 0.1193689 0.8667165 0.1180679 0.8667165 0.1180679 0.8658314 0.1193689 0.863984 0.1173922 0.8726228 0.117104 0.8676389 0.1170635 0.8676071 0.1172163 0.9060383 0.1241153 0.8881978 0.1296145 0.8924351 0.1232132 0.8667165 0.1180679 0.8643087 0.1169154 0.8646474 0.1165472 0.9070129 0.1224107 0.8932975 0.1212764 0.9072022 0.1347356 0.8676389 0.1170635 0.8646474 0.1165472 0.864638 0.1166036 0.9072022 0.1347356 0.9187683 0.1267354 0.9070129 0.1224107 0.8870944 0.1406864 0.8830869 0.1389867 0.8945352 0.1454021 0.8719431 0.1229241 0.8725455 0.1173882 0.8767303 0.1171439 0.8719431 0.1229241 0.8753167 0.1306148 0.8688568 0.125677 0.8830869 0.1389867 0.8907314 0.1322108 0.8945352 0.1454021 0.9072022 0.1347356 0.9137818 0.1414254 0.9187683 0.1267354 0.8934096 0.1237766 0.9072022 0.1347356 0.8932975 0.1212764 0.8907314 0.1322108 0.8934096 0.1237766 0.9072022 0.1347356 0.867242 0.1197955 0.8676071 0.1172163 0.8725455 0.1173882 0.8843181 0.356652 0.850387 0.361604 0.9044034 0.2789266 0.8668988 0.1286549 0.863485 0.1230829 0.8632562 0.1235218 0.9002057 0.3600673 0.9393948 0.2785781 0.9271746 0.2849702 0.9002057 0.3600673 0.8843181 0.356652 0.9281684 0.2754759 0.8746412 0.1338812 0.8674728 0.1275641 0.8668988 0.1286549 0.8809109 0.1371735 0.8870944 0.1406864 0.8832591 0.1340837 0.8822336 0.1313488 0.8934096 0.1237766 0.8907314 0.1322108 0.8674728 0.1275641 0.8728335 0.1258441 0.8673952 0.123849 0.8682691 0.1222205 0.8681456 0.1211541 0.8645009 0.1216003 0.8729984 0.1322999 0.8809109 0.1371735 0.8798479 0.1283511 0.8807079 0.1200382 0.8808879 0.1225449 0.8934096 0.1237766 0.863485 0.1230829 0.8638334 0.1222326 0.8673952 0.123849 0.9393948 0.2785781 0.9330597 0.2498392 0.9223762 0.2557687 0.8500525 0.3729301 0.8924546 0.2853967 0.9039921 0.2883392 0.8772839 0.1165666 0.8726228 0.117104 0.8725455 0.1173882 0.9215947 0.1322331 0.9187683 0.1267354 0.9137818 0.1414254 0.8682691 0.1222205 0.8645452 0.1219295 0.863923 0.1228895 0.8681456 0.1211541 0.8673952 0.123849 0.8638334 0.1222326 0.8645452 0.1219295 0.8645009 0.1216003 0.863485 0.1230829 0.8809109 0.1371735 0.8729984 0.1322999 0.8746412 0.1338812 0.8676468 0.1259623 0.8632562 0.1235218 0.863923 0.1228895 0.8748161 0.1220047 0.8676468 0.1259623 0.8682691 0.1222205 0.8838179 0.1214069 0.8757532 0.1199812 0.8772839 0.1165666 0.8968247 0.1182656 0.8856324 0.1173299 0.8849189 0.1180133 0.9281684 0.2754759 0.9044034 0.2789266 0.9022968 0.2498161 0.9039921 0.2883392 0.8918236 0.2558129 0.9019802 0.2587245 0.9070129 0.1224107 0.9187683 0.1267354 0.8963751 0.1189985 0.8881978 0.1296145 0.8823162 0.1264274 0.8838179 0.1214069 0.8692548 0.1214069 0.8656234 0.1216633 0.8688568 0.125677 0.8823162 0.1264274 0.8744908 0.1241858 0.8757532 0.1199812 0.8924351 0.1232132 0.8838179 0.1214069 0.8856324 0.1173299 0.8823162 0.1264274 0.8753167 0.1306148 0.8832591 0.1340837 0.8881978 0.1296145 0.8832591 0.1340837 0.8870944 0.1406864 0.9187683 0.1267354 0.9060383 0.1241153 0.8968247 0.1182656 0.8733422 0.1307588 0.8668988 0.1286549 0.8676468 0.1259623 0.8744908 0.1241858 0.8692548 0.1214069 0.8709053 0.1189782 0.9070129 0.1224107 0.8963751 0.1189985 0.8932975 0.1212764 0.874574 0.1194938 0.8728335 0.1258441 0.8673952 0.123849 0.919601 0.1251883 0.9215947 0.1322331 0.9195951 0.1213982 0.8808879 0.1225449 0.8807079 0.1200382 0.874574 0.1194938 0.8822336 0.1313488 0.8746412 0.1338812 0.8733422 0.1307588 0.8808879 0.1225449 0.8733422 0.1307588 0.8748161 0.1220047 0.9333557 0.1275965 0.9364622 0.1364926 0.9397956 0.1421662 0.9137818 0.1414254 0.9215947 0.1322331 0.919601 0.1251883 0.929088 0.149144 0.919601 0.1251883 0.9137818 0.1414254 0.9364622 0.1364926 0.9301463 0.120417 0.929088 0.149144 0.9333557 0.1275965 0.9301463 0.120417 0.9364622 0.1364926 0.9301463 0.120417 0.919601 0.1251883 0.9224243 0.1163733 0.9215947 0.1322331 0.9139463 0.1320282 0.9195951 0.1213982 0.9264984 0.1190898 0.9224243 0.1163733 0.9301463 0.120417 0.8945352 0.1454021 0.9072022 0.1347356 0.9137818 0.1414254 0.9195951 0.1213982 0.9264984 0.1190898 0.9139463 0.1320282 0.9139463 0.1320282 0.9060383 0.1241153 0.9187683 0.1267354 0.894159 0.1361119 0.8881978 0.1296145 0.8870944 0.1406864 0.894159 0.1361119 0.8881978 0.1296145 0.9060383 0.1241153 0.8022291 0.4272473 0.7778699 0.4403577 0.8738207 0.4375038 0.9333557 0.1275965 0.9139463 0.1320282 0.9264984 0.1190898 0.919601 0.1251883 0.9301463 0.120417 0.929088 0.149144 0.9397956 0.1421662 0.9297222 0.1393423 0.9333557 0.1275965 0.8807079 0.1200382 0.8798479 0.1283511 0.8728335 0.1258441 0.919601 0.1251883 0.9195951 0.1213982 0.9224243 0.1163733 0.9139463 0.1320282 0.9333557 0.1275965 0.9297222 0.1393423 0.8748161 0.1220047 0.874574 0.1194938 0.8681456 0.1211541 0.9195951 0.1213982 0.9224243 0.1163733 0.9264984 0.1190898 0.8709053 0.1189782 0.8667165 0.1180679 0.8676389 0.1170635 0.9223762 0.2557687 0.9330597 0.2498392 0.9397956 0.1421662 0.8981822 0.1507708 0.894159 0.1361119 0.8870944 0.1406864 0.8981822 0.1507708 0.8945352 0.1454021 0.908584 0.1533863 0.850387 0.361604 0.833539 0.3698021 0.8924546 0.2853967 0.9397956 0.1421662 0.9364622 0.1364926 0.929088 0.149144 0.8945352 0.1454021 0.8907314 0.1322108 0.9072022 0.1347356 0.9086037 0.1437065 0.894159 0.1361119 0.9139463 0.1320282 0.9022968 0.2498161 0.9086037 0.1437065 0.9297222 0.1393423 0.908584 0.1533863 0.9137818 0.1414254 0.929088 0.149144 0.8918236 0.2558129 0.9086037 0.1437065 0.8981822 0.1507708 0.8918236 0.2558129 0.908584 0.1533863 0.9019802 0.2587245 0.9019802 0.2587245 0.929088 0.149144 0.9223762 0.2557687 0.882809 0.3681445 0.9039921 0.2883392 0.9271746 0.2849702 0.8537078 0.4052747 0.8019086 0.4128677 0.850387 0.361604 0.85134 0.4200389 0.8500525 0.3729301 0.882809 0.3681445 0.8776768 0.4091593 0.9002057 0.3600673 0.882809 0.3681445 0.8022291 0.4272473 0.833539 0.3698021 0.8500525 0.3729301 0.7768378 0.4239508 0.8022291 0.4272473 0.7572424 0.4614703 0.8019086 0.4128677 0.7509577 0.5290968 0.7572424 0.4614703 0.8213546 0.507278 0.7509577 0.5290968 0.8019086 0.4128677 0.8776768 0.4091593 0.9014453 0.4772643 0.9011074 0.5216848 0.9011074 0.5216848 0.8213546 0.507278 0.8537078 0.4052747 0.9014453 0.4772643 0.85134 0.4200389 0.8738207 0.4375038 0.1540967 0.5503045 0.1358952 0.5668569 0.1283397 0.5625749 0.1323298 0.5766507 0.1358952 0.5668569 0.1540967 0.5503045 0.1358952 0.5668569 0.1286699 0.5737446 0.1283397 0.5625749 0.16048 0.5701174 0.1300554 0.5574436 0.1275633 0.5654679 0.1323298 0.5766507 0.1286699 0.5737446 0.1358952 0.5668569 0.1540967 0.5503045 0.1457138 0.5730182 0.1323298 0.5766507 0.1457138 0.5730182 0.1275633 0.5654679 0.1244483 0.5733768 0.1286699 0.5737446 0.1323298 0.5766507 0.1244483 0.5733768 0.1244483 0.5733768 0.1301622 0.5678603 0.1286699 0.5737446 0.1283397 0.5625749 0.1286699 0.5737446 0.1301622 0.5678603 0.1244483 0.5733768 0.1275633 0.5654679 0.132697 0.560131 0.132697 0.560131 0.1375293 0.5505699 0.1301622 0.5678603 0.1283397 0.5625749 0.1301622 0.5678603 0.1375293 0.5505699 0.138084 0.5379797 0.1454006 0.5148417 0.1366184 0.5403409 0.138084 0.5379797 0.1375293 0.5505699 0.132697 0.560131 0.1275633 0.5654679 0.1300554 0.5574436 0.1333684 0.5510475 0.1454006 0.5148417 0.138084 0.5379797 0.1333684 0.5510475 0.6372515 0.4164233 0.5091864 0.419264 0.4901041 0.4343339 0.6031159 0.6191713 0.4628364 0.6078838 0.4678895 0.6909492 0.6113183 0.5098393 0.471735 0.5063776 0.4628364 0.6078838 0.6248089 0.4324096 0.4901041 0.4343339 0.471735 0.5063776 0.60432 0.7080804 0.4678895 0.6909492 0.4836637 0.7197155 0.7451093 0.6229779 0.6031159 0.6191713 0.60432 0.7080804 0.7509577 0.5290968 0.6113183 0.5098393 0.6031159 0.6191713 0.7572424 0.4614703 0.6248089 0.4324096 0.6113183 0.5098393 0.7424642 0.6994202 0.60432 0.7080804 0.613686 0.7379264 0.7612769 0.4460568 0.6372515 0.4164233 0.6248089 0.4324096 0.7509577 0.5290968 0.7451093 0.6229779 0.8161131 0.6007884 0.7424642 0.6994202 0.7439854 0.7257267 0.8098533 0.7049536 0.7612769 0.4460568 0.7572424 0.4614703 0.8022291 0.4272473 0.7451093 0.6229779 0.7424642 0.6994202 0.8116353 0.6776569 0.8213546 0.507278 0.8161131 0.6007884 0.8981379 0.582559 0.8843181 0.356652 0.8537078 0.4052747 0.8776768 0.4091593 0.8116353 0.6776569 0.8098533 0.7049536 0.8900035 0.6529205 0.833539 0.3698021 0.7768378 0.4239508 0.8019086 0.4128677 0.8161131 0.6007884 0.8116353 0.6776569 0.8938075 0.633301 0.9256289 0.5804907 0.9011074 0.5216848 0.8981379 0.582559 0.924875 0.5739215 0.9014453 0.4772643 0.9011074 0.5216848 0.9261553 0.596173 0.8938075 0.633301 0.8900035 0.6529205 0.9241517 0.571824 0.8991818 0.4663715 0.9014453 0.4772643 0.9261197 0.5890154 0.8981379 0.582559 0.8938075 0.633301 0.924875 0.5739215 0.9291949 0.5373585 0.9256289 0.5804907 0.9261553 0.596173 0.9257249 0.5991961 0.9383292 0.5394697 0.9241517 0.571824 0.9252725 0.5369506 0.924875 0.5739215 0.9261197 0.5890154 0.9261553 0.596173 0.9372799 0.5389188 0.9256289 0.5804907 0.9261197 0.5890154 0.9337889 0.5381113 0.9252725 0.5369506 0.9235936 0.5070832 0.9291949 0.5373585 0.9372799 0.5389188 0.9383292 0.5394697 0.9355404 0.5074994 0.9235268 0.5370434 0.9184898 0.5075697 0.9252725 0.5369506 0.9337889 0.5381113 0.9372799 0.5389188 0.934157 0.5070406 0.9291949 0.5373585 0.9337889 0.5381113 0.9295909 0.5068807 0.934157 0.5070406 0.9355404 0.5074994 0.9315736 0.4921075 0.9162411 0.5081514 0.9176897 0.4921208 0.9184898 0.5075697 0.9295909 0.5068807 0.934157 0.5070406 0.9304368 0.4916909 0.9235936 0.5070832 0.9295909 0.5068807 0.9267168 0.4915339 0.9184898 0.5075697 0.9218395 0.4916984 0.9235936 0.5070832 0.9158611 0.4926374 0.9194129 0.4813145 0.9176897 0.4921208 0.9267168 0.4915339 0.9304368 0.4916909 0.9234917 0.4811773 0.9218395 0.4916984 0.9267168 0.4915339 0.9222986 0.4811211 0.9176897 0.4921208 0.9207397 0.4811737 0.9218395 0.4916984 0.9304368 0.4916909 0.9315736 0.4921075 0.9238623 0.4813201 0.4078427 0.4847423 0.471735 0.5063776 0.4901041 0.4343339 0.4338579 0.7117055 0.4836637 0.7197155 0.4678895 0.6909492 0.4389492 0.4170623 0.4901041 0.4343339 0.5091864 0.419264 0.4147829 0.68156 0.4678895 0.6909492 0.4628364 0.6078838 0.4079789 0.5954486 0.4628364 0.6078838 0.471735 0.5063776 0.3080064 0.5857939 0.4079789 0.5954486 0.4078427 0.4847423 0.4078427 0.4847423 0.4056349 0.3789812 0.3653714 0.4028788 0.4338579 0.7117055 0.4147829 0.68156 0.3165011 0.6614711 0.3653714 0.4028788 0.3521339 0.4146275 0.3100765 0.4973797 0.4147829 0.68156 0.4079789 0.5954486 0.3080064 0.5857939 0.3290771 0.438681 0.364709 0.4160255 0.3127615 0.4533852 0.3379194 0.6889929 0.3165011 0.6614711 0.2196116 0.6136944 0.3165011 0.6614711 0.3080064 0.5857939 0.2262496 0.5597491 0.2262496 0.5597491 0.3080064 0.5857939 0.3100765 0.4973797 0.2518263 0.4957127 0.3100765 0.4973797 0.3290771 0.438681 0.2338256 0.6350454 0.2196116 0.6136944 0.16048 0.5701174 0.286474 0.4633584 0.3127615 0.4533852 0.2681682 0.4593166 0.2518263 0.4957127 0.286474 0.4633584 0.2450123 0.4557732 0.2196116 0.6136944 0.2262496 0.5597491 0.174861 0.5317457 0.2262496 0.5597491 0.2518263 0.4957127 0.2078155 0.4872452 0.1454006 0.5148417 0.174861 0.5317457 0.2078155 0.4872452 0.1413928 0.5759764 0.1699229 0.5866131 0.16048 0.5701174 0.174861 0.5317457 0.1454006 0.5148417 0.1366184 0.5403409 0.1819111 0.4657903 0.2078155 0.4872452 0.2450123 0.4557732 0.2235065 0.4316444 0.2681682 0.4593166 0.2450123 0.4557732 0.105402 0.5209658 0.1413928 0.5759764 0.1300554 0.5574436 0.0971811 0.5059363 0.1300554 0.5574436 0.1454006 0.5148417 0.153799 0.4405024 0.1819111 0.4657903 0.2235065 0.4316444 0.1953496 0.4174832 0.2235065 0.4316444 0.2432441 0.440625 0.1155993 0.4748764 0.1454006 0.5148417 0.1819111 0.4657903 0.09144496 0.4613981 0.105402 0.5209658 0.0971811 0.5059363 0.08572651 0.4495348 0.0971811 0.5059363 0.1155993 0.4748764 0.1404097 0.4061783 0.153799 0.4405024 0.1953496 0.4174832 0.1786093 0.3925749 0.1953496 0.4174832 0.2232357 0.4145778 0.1043926 0.4282458 0.1155993 0.4748764 0.153799 0.4405024 0.09144496 0.4613981 0.08572651 0.4495348 0.07796005 0.4189001 0.08572651 0.4495348 0.1043926 0.4282458 0.09387282 0.4003102 0.1404097 0.4061783 0.1786093 0.3925749 0.1578138 0.3700874 0.1786093 0.3925749 0.2035396 0.3925605 0.1797268 0.3705275 0.1043926 0.4282458 0.1404097 0.4061783 0.1247718 0.3814377 0.07296403 0.3816298 0.07796005 0.4189001 0.09387282 0.4003102 0.1152245 0.3570157 0.1247718 0.3814377 0.1578138 0.3700874 0.1443951 0.350851 0.1578138 0.3700874 0.1797268 0.3705275 0.08764739 0.3688913 0.09387282 0.4003102 0.1247718 0.3814377 0.07671458 0.3902459 0.08303504 0.4297076 0.07796005 0.4189001 0.918825 0.4814899 0.9222986 0.4811211 0.9238623 0.4813201 0.4416026 0.3835642 0.4234509 0.3443537 0.4264726 0.3950733 0.3889163 0.4185899 0.3782279 0.3618929 0.3521339 0.4146275 0.3873603 0.353265 0.3653714 0.4028788 0.4056349 0.3789812 0.4264726 0.3950733 0.4023041 0.3654583 0.3889163 0.4185899 0.3782279 0.3618929 0.3521339 0.4146275 0.3653714 0.4028788 0.4096898 0.3319954 0.4056349 0.3789812 0.4416026 0.3835642 0.4234509 0.3443537 0.3976997 0.2903445 0.4023041 0.3654583 0.3875362 0.2917661 0.3782279 0.3618929 0.3873603 0.353265 0.4112597 0.2768966 0.4096898 0.3319954 0.4334045 0.3358624 0.4334045 0.3358624 0.4209613 0.2869908 0.4234509 0.3443537 0.4023041 0.3654583 0.3875362 0.2917661 0.3782279 0.3618929 0.3941095 0.2849999 0.3873603 0.353265 0.4096898 0.3319954 0.4279405 0.2803102 0.4166752 0.2578851 0.4209613 0.2869908 0.3976997 0.2903445 0.3880801 0.2623189 0.3875362 0.2917661 0.3938515 0.2560647 0.3941095 0.2849999 0.4112597 0.2768966 0.4209613 0.2869908 0.3962098 0.2608275 0.3976997 0.2903445 0.3880801 0.2623189 0.3875362 0.2917661 0.3941095 0.2849999 0.4080712 0.2483914 0.4112597 0.2768966 0.4279405 0.2803102 0.4080712 0.2483914 0.4227602 0.2517039 0.428214 0.160571 0.428214 0.160571 0.4166752 0.2578851 0.4227602 0.2517039 0.4053099 0.2248067 0.3880801 0.2623189 0.3962098 0.2608275 0.3938515 0.2560647 0.4080712 0.2483914 0.4083241 0.1564504 0.420148 0.170174 0.3962098 0.2608275 0.4166752 0.2578851 0.3880801 0.2623189 0.3938515 0.2560647 0.3801013 0.1622209 0.3998671 0.1599439 0.4053099 0.2248067 0.420148 0.170174 0.3851653 0.2209718 0.3617816 0.1522032 0.3801013 0.1622209 0.428214 0.160571 0.4258804 0.1531719 0.420148 0.170174 0.3741509 0.1652028 0.3851653 0.2209718 0.4053099 0.2248067 0.3801013 0.1622209 0.4083241 0.1564504 0.3882248 0.1468035 0.3741509 0.1652028 0.3926225 0.1511623 0.3709276 0.1478237 0.3617816 0.1522032 0.3882248 0.1468035 0.3781921 0.1363421 0.3741509 0.1652028 0.3998671 0.1599439 0.3926225 0.1511623 0.3617816 0.1522032 0.3564132 0.1437382 0.3583266 0.1586076 0.3882248 0.1468035 0.4050807 0.1474632 0.401158 0.1401664 0.3100765 0.4973797 0.3521339 0.4146275 0.3290771 0.438681 0.3290771 0.438681 0.3889163 0.4185899 0.3521339 0.4146275 0.4615076 0.4025254 0.364709 0.4160255 0.3889163 0.4185899 0.4389492 0.4170623 0.4615076 0.4025254 0.4264726 0.3950733 0.4416026 0.3835642 0.4056349 0.3789812 0.4389492 0.4170623 0.4389492 0.4170623 0.4056349 0.3789812 0.4078427 0.4847423 0.3993094 0.1329228 0.3882248 0.1468035 0.4086333 0.1298733 0.4170283 0.1411078 0.4176491 0.1318736 0.4086333 0.1298733 0.4170283 0.1411078 0.4086333 0.1298733 0.3882248 0.1468035 0.4086333 0.1298733 0.4176491 0.1318736 0.4057537 0.1264183 0.4050807 0.1474632 0.3993094 0.1329228 0.3882248 0.1468035 0.4039176 0.1382114 0.420148 0.170174 0.4176491 0.1318736 0.4176491 0.1318736 0.4039176 0.1382114 0.4057537 0.1264183 0.4170283 0.1411078 0.428214 0.160571 0.4258804 0.1531719 0.428214 0.160571 0.4170283 0.1411078 0.4083241 0.1564504 0.4258804 0.1531719 0.4176491 0.1318736 0.420148 0.170174 0.420148 0.170174 0.4039176 0.1382114 0.3998671 0.1599439 0.4039176 0.1382114 0.3993094 0.1329228 0.4057537 0.1264183 0.3998671 0.1599439 0.4050807 0.1474632 0.4039176 0.1382114 0.4039176 0.1382114 0.3993094 0.1329228 0.4050807 0.1474632 0.3993094 0.1329228 0.4086333 0.1298733 0.4057537 0.1264183 0.3882248 0.1468035 0.4083241 0.1564504 0.4170283 0.1411078 0.35676 0.1349476 0.3479545 0.1459036 0.359709 0.1466839 0.359709 0.1466839 0.3479299 0.1499413 0.3590052 0.1567013 0.345302 0.1307254 0.3534035 0.1314453 0.35676 0.1349476 0.3410335 0.1390288 0.3491987 0.1422862 0.3534035 0.1314453 0.3479545 0.1459036 0.3371784 0.1429859 0.3479299 0.1499413 0.3378261 0.1329862 0.345302 0.1307254 0.3487407 0.1342332 0.3360023 0.1365102 0.3410335 0.1390288 0.345302 0.1307254 0.3487407 0.1342332 0.3479545 0.1459036 0.3389922 0.1394646 0.3389922 0.1394646 0.3322302 0.1361755 0.3371784 0.1429859 0.3335513 0.1336095 0.3378261 0.1329862 0.3393171 0.1344761 0.3324224 0.1344338 0.3360023 0.1365102 0.3378261 0.1329862 0.3393171 0.1344761 0.3333576 0.1353514 0.3389922 0.1394646 0.359709 0.1466839 0.3732928 0.1365765 0.35676 0.1349476 0.3732928 0.1365765 0.35676 0.1349476 0.3534035 0.1314453 0.3526893 0.1540995 0.3525017 0.1498137 0.3491987 0.1422862 0.3491987 0.1422862 0.3526893 0.1540995 0.3428305 0.1476764 0.3410335 0.1390288 0.3360023 0.1365102 0.3364631 0.1414547 0.3320639 0.1355667 0.3364631 0.1414547 0.3360023 0.1365102 0.3526893 0.1540995 0.3590052 0.1567013 0.3479299 0.1499413 0.3364631 0.1414547 0.3479299 0.1499413 0.3371784 0.1429859 0.3320639 0.1355667 0.3371784 0.1429859 0.3322302 0.1361755 0.3335513 0.1336095 0.3320639 0.1355667 0.3324224 0.1344338 0.4050807 0.1474632 0.3998671 0.1599439 0.401158 0.1401664 0.3926225 0.1511623 0.3998671 0.1599439 0.401158 0.1401664 0.3709276 0.1478237 0.3926225 0.1511623 0.3732928 0.1365765 0.3732928 0.1365765 0.370025 0.1330827 0.3926225 0.1511623 0.387801 0.1345628 0.3926225 0.1511623 0.370025 0.1330827 0.3926225 0.1511623 0.387801 0.1345628 0.401158 0.1401664 0.3583266 0.1586076 0.3741509 0.1652028 0.3590052 0.1567013 0.3590052 0.1567013 0.3709276 0.1478237 0.359709 0.1466839 0.3624082 0.135276 0.3564132 0.1437382 0.3781921 0.1363421 0.3691069 0.1287695 0.3781921 0.1363421 0.401158 0.1401664 0.387801 0.1345628 0.3725109 0.1299715 0.401158 0.1401664 0.387801 0.1345628 0.370025 0.1330827 0.3725109 0.1299715 0.3624082 0.135276 0.3691069 0.1287695 0.3542572 0.1275285 0.3525017 0.1498137 0.3583266 0.1586076 0.3564132 0.1437382 0.3564132 0.1437382 0.3624082 0.135276 0.3512101 0.132895 0.3691069 0.1287695 0.3725109 0.1299715 0.3560632 0.1285929 0.3512101 0.132895 0.3542572 0.1275285 0.3433692 0.126527 0.341927 0.1452133 0.3489267 0.139532 0.3525017 0.1498137 0.3489267 0.139532 0.3512101 0.132895 0.340803 0.1310215 0.3433692 0.126527 0.3542572 0.1275285 0.3560632 0.1285929 0.340803 0.1310215 0.3433692 0.126527 0.3374003 0.1272513 0.3332224 0.1386606 0.3388844 0.13658 0.341927 0.1452133 0.3388844 0.13658 0.340803 0.1310215 0.3347883 0.1297159 0.3433692 0.126527 0.3449424 0.1274252 0.3388362 0.1277168 0.3347883 0.1297159 0.3374003 0.1272513 0.3310142 0.1272103 0.328779 0.133332 0.3332224 0.1386606 0.3324572 0.1329266 0.3324572 0.1329266 0.3347883 0.1297159 0.3296119 0.128531 0.3374003 0.1272513 0.3388362 0.1277168 0.3317974 0.1274603 0.3296119 0.128531 0.3310142 0.1272103 0.3272355 0.1265367 0.3264166 0.1287834 0.328779 0.133332 0.3283619 0.130251 0.3262624 0.1276513 0.3283619 0.130251 0.3296119 0.128531 0.3310142 0.1272103 0.3317974 0.1274603 0.3275258 0.1266291 0.3267209 0.127021 0.3264166 0.1287834 0.3264166 0.1287834 0.328779 0.133332 0.3269149 0.1286935 0.3264166 0.1287834 0.3317974 0.1274603 0.3317292 0.1309029 0.3388362 0.1277168 0.3332224 0.1386606 0.3317292 0.1309029 0.328779 0.133332 0.3388362 0.1277168 0.3385386 0.1350828 0.3449424 0.1274252 0.3491987 0.1422862 0.341927 0.1452133 0.3525017 0.1498137 0.341927 0.1452133 0.3385386 0.1350828 0.3332224 0.1386606 0.3449424 0.1274252 0.3491987 0.1422862 0.3560632 0.1285929 0.370025 0.1330827 0.3534035 0.1314453 0.3560632 0.1285929 0.3491987 0.1422862 0.3560632 0.1285929 0.3534035 0.1314453 0.3590052 0.1567013 0.3526893 0.1540995 0.3583266 0.1586076 0.07296403 0.3816298 0.08764739 0.3688913 0.08139374 0.3475541 0.07671458 0.3902459 0.07296403 0.3816298 0.06937815 0.3540325 0.08764739 0.3688913 0.1152245 0.3570157 0.103441 0.3427322 0.06937815 0.3540325 0.08139374 0.3475541 0.07767219 0.3276497 0.07135711 0.3593201 0.06937815 0.3540325 0.06912374 0.3338291 0.08139374 0.3475541 0.103441 0.3427322 0.09353103 0.322501 0.06912374 0.3338291 0.07767219 0.3276497 0.07544716 0.3059317 0.07016695 0.314192 0.07053122 0.3383248 0.06912374 0.3338291 0.07767219 0.3276497 0.09353103 0.322501 0.08730792 0.3020889 0.0690553 0.3106466 0.07544716 0.3059317 0.07529692 0.2967038 0.07016695 0.314192 0.0690553 0.3106466 0.07074371 0.3000896 0.07529692 0.2967038 0.07544716 0.3059317 0.08730792 0.3020889 0.1038537 0.3323096 0.1152245 0.3570157 0.1443951 0.350851 0.1443951 0.350851 0.1619505 0.3622388 0.1325537 0.3341205 0.1177925 0.3403027 0.1038537 0.3323096 0.103441 0.3427322 0.1177925 0.3403027 0.1125942 0.3277061 0.1325537 0.3341205 0.09819387 0.3212943 0.09353103 0.322501 0.103441 0.3427322 0.09819387 0.3212943 0.1177925 0.3403027 0.1319202 0.3439029 0.08730792 0.3020889 0.09353103 0.322501 0.09819387 0.3212943 0.08903854 0.3022225 0.1080482 0.3253822 0.09819387 0.3212943 0.08124855 0.2912432 0.08730792 0.3020889 0.08903854 0.3022225 0.0853655 0.2924186 0.08903854 0.3022225 0.09797312 0.3057396 0.1038537 0.3323096 0.1177925 0.3403027 0.1125942 0.3277061 0.1152245 0.3570157 0.1038537 0.3323096 0.103441 0.3427322 0.08002578 0.29929 0.0853655 0.2924186 0.08804061 0.2935969 0.08002578 0.29929 0.07082161 0.3029802 0.07074371 0.3000896 0.923142 0.2467977 0.9330597 0.2498392 0.9397956 0.1421662 0.923142 0.2467977 0.9281684 0.2754759 0.9393948 0.2785781 0.8918236 0.2558129 0.8924546 0.2853967 0.9044034 0.2789266 0.8830869 0.1389867 0.8809109 0.1371735 0.8870944 0.1406864 0.8767303 0.1171439 0.8798479 0.1283511 0.8849189 0.1180133 0.8798479 0.1283511 0.8849189 0.1180133 0.8807079 0.1200382 0.9271746 0.2849702 0.9019802 0.2587245 0.9039921 0.2883392 0.8932975 0.1212764 0.8807079 0.1200382 0.8849189 0.1180133 0.8757532 0.1199812 0.8772839 0.1165666 0.8726228 0.117104 0.8656234 0.1216633 0.8639089 0.1182354 0.8639089 0.1182354 0.8798479 0.1283511 0.8753167 0.1306148 0.8832591 0.1340837 0.8639089 0.1182354 0.8639089 0.1182354 0.8639734 0.1181496 0.8688568 0.125677 0.867242 0.1197955 0.8656234 0.1216633 0.8772839 0.1165666 0.8856324 0.1173299 0.8849189 0.1180133 0.8639089 0.1182354 0.8658314 0.1193689 0.8656234 0.1216633 0.8688568 0.125677 0.8744908 0.1241858 0.8753167 0.1306148 0.8692548 0.1214069 0.8709053 0.1189782 0.8667165 0.1180679 0.863984 0.1173922 0.8658314 0.1193689 0.8667165 0.1180679 0.8726228 0.117104 0.8725455 0.1173882 0.8676071 0.1172163 0.8924351 0.1232132 0.8881978 0.1296145 0.9060383 0.1241153 0.8667165 0.1180679 0.8676389 0.1170635 0.8646474 0.1165472 0.9070129 0.1224107 0.9072022 0.1347356 0.8932975 0.1212764 0.8676389 0.1170635 0.8676071 0.1172163 0.864638 0.1166036 0.9072022 0.1347356 0.9070129 0.1224107 0.9187683 0.1267354 0.8870944 0.1406864 0.8945352 0.1454021 0.8830869 0.1389867 0.8725455 0.1173882 0.8719431 0.1229241 0.8767303 0.1171439 0.8753167 0.1306148 0.8719431 0.1229241 0.8688568 0.125677 0.8830869 0.1389867 0.8907314 0.1322108 0.8822336 0.1313488 0.9072022 0.1347356 0.9187683 0.1267354 0.9137818 0.1414254 0.8934096 0.1237766 0.8932975 0.1212764 0.9072022 0.1347356 0.8907314 0.1322108 0.9072022 0.1347356 0.8934096 0.1237766 0.8676071 0.1172163 0.867242 0.1197955 0.8725455 0.1173882 0.9044034 0.2789266 0.850387 0.361604 0.8843181 0.356652 0.863485 0.1230829 0.8668988 0.1286549 0.8632562 0.1235218 0.9002057 0.3600673 0.882809 0.3681445 0.9271746 0.2849702 0.9281684 0.2754759 0.8843181 0.356652 0.9002057 0.3600673 0.8674728 0.1275641 0.8746412 0.1338812 0.8668988 0.1286549 0.8809109 0.1371735 0.8798479 0.1283511 0.8832591 0.1340837 0.8822336 0.1313488 0.8934096 0.1237766 0.8808879 0.1225449 0.8728335 0.1258441 0.8674728 0.1275641 0.8673952 0.123849 0.8645009 0.1216003 0.8681456 0.1211541 0.8682691 0.1222205 0.8798479 0.1283511 0.8809109 0.1371735 0.8729984 0.1322999 0.8934096 0.1237766 0.8808879 0.1225449 0.8807079 0.1200382 0.863485 0.1230829 0.8673952 0.123849 0.8674728 0.1275641 0.9393948 0.2785781 0.9271746 0.2849702 0.9223762 0.2557687 0.8500525 0.3729301 0.8924546 0.2853967 0.833539 0.3698021 0.8772839 0.1165666 0.8767303 0.1171439 0.8725455 0.1173882 0.9215947 0.1322331 0.9137818 0.1414254 0.9187683 0.1267354 0.8682691 0.1222205 0.863923 0.1228895 0.8676468 0.1259623 0.8638334 0.1222326 0.8673952 0.123849 0.8681456 0.1211541 0.8645009 0.1216003 0.863485 0.1230829 0.8638334 0.1222326 0.8809109 0.1371735 0.8830869 0.1389867 0.8746412 0.1338812 0.8676468 0.1259623 0.8632562 0.1235218 0.8668988 0.1286549 0.8748161 0.1220047 0.8676468 0.1259623 0.8733422 0.1307588 0.8838179 0.1214069 0.8856324 0.1173299 0.8772839 0.1165666 0.8968247 0.1182656 0.8963751 0.1189985 0.8849189 0.1180133 0.9022968 0.2498161 0.9044034 0.2789266 0.9281684 0.2754759 0.9039921 0.2883392 0.8918236 0.2558129 0.8924546 0.2853967 0.9070129 0.1224107 0.8963751 0.1189985 0.9187683 0.1267354 0.8881978 0.1296145 0.8924351 0.1232132 0.8838179 0.1214069 0.8656234 0.1216633 0.8692548 0.1214069 0.8688568 0.125677 0.8823162 0.1264274 0.8838179 0.1214069 0.8757532 0.1199812 0.8924351 0.1232132 0.8968247 0.1182656 0.8856324 0.1173299 0.8753167 0.1306148 0.8823162 0.1264274 0.8832591 0.1340837 0.8832591 0.1340837 0.8881978 0.1296145 0.8870944 0.1406864 0.8968247 0.1182656 0.9060383 0.1241153 0.9187683 0.1267354 0.8733422 0.1307588 0.8668988 0.1286549 0.8746412 0.1338812 0.8744908 0.1241858 0.8757532 0.1199812 0.8709053 0.1189782 0.9070129 0.1224107 0.8932975 0.1212764 0.8963751 0.1189985 0.8673952 0.123849 0.8728335 0.1258441 0.874574 0.1194938 0.919601 0.1251883 0.9195951 0.1213982 0.9215947 0.1322331 0.874574 0.1194938 0.8807079 0.1200382 0.8808879 0.1225449 0.8822336 0.1313488 0.8746412 0.1338812 0.8830869 0.1389867 0.8808879 0.1225449 0.8733422 0.1307588 0.8822336 0.1313488 0.9333557 0.1275965 0.9397956 0.1421662 0.9364622 0.1364926 0.9137818 0.1414254 0.919601 0.1251883 0.9215947 0.1322331 0.929088 0.149144 0.9137818 0.1414254 0.919601 0.1251883 0.9364622 0.1364926 0.929088 0.149144 0.9301463 0.120417 0.9333557 0.1275965 0.9301463 0.120417 0.9264984 0.1190898 0.9301463 0.120417 0.9224243 0.1163733 0.919601 0.1251883 0.9215947 0.1322331 0.9195951 0.1213982 0.9139463 0.1320282 0.9264984 0.1190898 0.9301463 0.120417 0.9224243 0.1163733 0.8945352 0.1454021 0.9137818 0.1414254 0.9072022 0.1347356 0.9195951 0.1213982 0.9139463 0.1320282 0.9264984 0.1190898 0.9139463 0.1320282 0.9215947 0.1322331 0.9187683 0.1267354 0.894159 0.1361119 0.8870944 0.1406864 0.8881978 0.1296145 0.894159 0.1361119 0.9139463 0.1320282 0.9060383 0.1241153 0.8738207 0.4375038 0.7778699 0.4403577 0.8022291 0.4272473 0.9333557 0.1275965 0.9264984 0.1190898 0.9139463 0.1320282 0.919601 0.1251883 0.929088 0.149144 0.9301463 0.120417 0.9397956 0.1421662 0.9333557 0.1275965 0.9297222 0.1393423 0.8728335 0.1258441 0.8798479 0.1283511 0.8807079 0.1200382 0.919601 0.1251883 0.9224243 0.1163733 0.9195951 0.1213982 0.9139463 0.1320282 0.9297222 0.1393423 0.9333557 0.1275965 0.8681456 0.1211541 0.874574 0.1194938 0.8748161 0.1220047 0.9195951 0.1213982 0.9264984 0.1190898 0.9224243 0.1163733 0.8709053 0.1189782 0.8726228 0.117104 0.8676389 0.1170635 0.9397956 0.1421662 0.9330597 0.2498392 0.9223762 0.2557687 0.8981822 0.1507708 0.894159 0.1361119 0.9086037 0.1437065 0.8945352 0.1454021 0.8981822 0.1507708 0.908584 0.1533863 0.8924546 0.2853967 0.833539 0.3698021 0.850387 0.361604 0.9397956 0.1421662 0.929088 0.149144 0.9364622 0.1364926 0.8945352 0.1454021 0.9072022 0.1347356 0.8907314 0.1322108 0.9086037 0.1437065 0.9297222 0.1393423 0.9139463 0.1320282 0.9022968 0.2498161 0.923142 0.2467977 0.9297222 0.1393423 0.9137818 0.1414254 0.908584 0.1533863 0.929088 0.149144 0.8918236 0.2558129 0.9086037 0.1437065 0.9022968 0.2498161 0.908584 0.1533863 0.8918236 0.2558129 0.9019802 0.2587245 0.929088 0.149144 0.9019802 0.2587245 0.9223762 0.2557687 0.882809 0.3681445 0.9039921 0.2883392 0.8500525 0.3729301 0.850387 0.361604 0.8019086 0.4128677 0.8537078 0.4052747 0.85134 0.4200389 0.8500525 0.3729301 0.8022291 0.4272473 0.8776768 0.4091593 0.85134 0.4200389 0.882809 0.3681445 0.8022291 0.4272473 0.833539 0.3698021 0.7768378 0.4239508 0.7768378 0.4239508 0.7572424 0.4614703 0.8022291 0.4272473 0.7572424 0.4614703 0.7509577 0.5290968 0.8019086 0.4128677 0.8213546 0.507278 0.8537078 0.4052747 0.8019086 0.4128677 0.8776768 0.4091593 0.9011074 0.5216848 0.9014453 0.4772643 0.9011074 0.5216848 0.8776768 0.4091593 0.8537078 0.4052747 0.8738207 0.4375038 0.9014453 0.4772643 0.8991818 0.4663715 0.1540967 0.5503045 0.1366184 0.5403409 0.1283397 0.5625749 0.1323298 0.5766507 0.1540967 0.5503045 0.1358952 0.5668569 0.1358952 0.5668569 0.1283397 0.5625749 0.1286699 0.5737446 0.1275633 0.5654679 0.1300554 0.5574436 0.16048 0.5701174 0.1323298 0.5766507 0.1358952 0.5668569 0.1286699 0.5737446 0.1457138 0.5730182 0.1540967 0.5503045 0.1323298 0.5766507 0.1244483 0.5733768 0.1275633 0.5654679 0.1457138 0.5730182 0.1286699 0.5737446 0.1244483 0.5733768 0.1323298 0.5766507 0.1244483 0.5733768 0.1286699 0.5737446 0.1301622 0.5678603 0.1283397 0.5625749 0.1301622 0.5678603 0.1286699 0.5737446 0.132697 0.560131 0.1275633 0.5654679 0.1244483 0.5733768 0.132697 0.560131 0.1301622 0.5678603 0.1375293 0.5505699 0.1283397 0.5625749 0.1366184 0.5403409 0.1375293 0.5505699 0.138084 0.5379797 0.1375293 0.5505699 0.1366184 0.5403409 0.138084 0.5379797 0.1333684 0.5510475 0.132697 0.560131 0.1333684 0.5510475 0.1300554 0.5574436 0.1275633 0.5654679 0.1454006 0.5148417 0.1300554 0.5574436 0.1333684 0.5510475 0.4901041 0.4343339 0.6372515 0.4164233 0.6248089 0.4324096 0.4678895 0.6909492 0.6031159 0.6191713 0.60432 0.7080804 0.4628364 0.6078838 0.6113183 0.5098393 0.6031159 0.6191713 0.471735 0.5063776 0.6248089 0.4324096 0.6113183 0.5098393 0.4836637 0.7197155 0.60432 0.7080804 0.613686 0.7379264 0.60432 0.7080804 0.7451093 0.6229779 0.7424642 0.6994202 0.6031159 0.6191713 0.7509577 0.5290968 0.7451093 0.6229779 0.6113183 0.5098393 0.7572424 0.4614703 0.7509577 0.5290968 0.613686 0.7379264 0.7424642 0.6994202 0.7439854 0.7257267 0.6248089 0.4324096 0.7612769 0.4460568 0.7572424 0.4614703 0.7509577 0.5290968 0.8161131 0.6007884 0.7451093 0.6229779 0.7424642 0.6994202 0.8098533 0.7049536 0.7439854 0.7257267 0.8022291 0.4272473 0.7612769 0.4460568 0.7778699 0.4403577 0.7451093 0.6229779 0.8116353 0.6776569 0.7424642 0.6994202 0.8213546 0.507278 0.8981379 0.582559 0.8161131 0.6007884 0.8776768 0.4091593 0.8843181 0.356652 0.9002057 0.3600673 0.8116353 0.6776569 0.8900035 0.6529205 0.8098533 0.7049536 0.8019086 0.4128677 0.833539 0.3698021 0.850387 0.361604 0.8161131 0.6007884 0.8938075 0.633301 0.8116353 0.6776569 0.8981379 0.582559 0.9256289 0.5804907 0.9261197 0.5890154 0.9011074 0.5216848 0.924875 0.5739215 0.9256289 0.5804907 0.8900035 0.6529205 0.9261553 0.596173 0.9257249 0.5991961 0.9014453 0.4772643 0.9241517 0.571824 0.924875 0.5739215 0.8938075 0.633301 0.9261197 0.5890154 0.9261553 0.596173 0.924875 0.5739215 0.9256289 0.5804907 0.9291949 0.5373585 0.9261553 0.596173 0.9383292 0.5394697 0.9257249 0.5991961 0.9241517 0.571824 0.924875 0.5739215 0.9252725 0.5369506 0.9261197 0.5890154 0.9372799 0.5389188 0.9261553 0.596173 0.9256289 0.5804907 0.9337889 0.5381113 0.9261197 0.5890154 0.9252725 0.5369506 0.9291949 0.5373585 0.9235936 0.5070832 0.9372799 0.5389188 0.9355404 0.5074994 0.9383292 0.5394697 0.9235268 0.5370434 0.9252725 0.5369506 0.9184898 0.5075697 0.9337889 0.5381113 0.934157 0.5070406 0.9372799 0.5389188 0.9291949 0.5373585 0.9295909 0.5068807 0.9337889 0.5381113 0.934157 0.5070406 0.9315736 0.4921075 0.9355404 0.5074994 0.9162411 0.5081514 0.9184898 0.5075697 0.9176897 0.4921208 0.9295909 0.5068807 0.9304368 0.4916909 0.934157 0.5070406 0.9235936 0.5070832 0.9267168 0.4915339 0.9295909 0.5068807 0.9184898 0.5075697 0.9235936 0.5070832 0.9218395 0.4916984 0.9158611 0.4926374 0.9176897 0.4921208 0.9194129 0.4813145 0.9267168 0.4915339 0.9234917 0.4811773 0.9304368 0.4916909 0.9218395 0.4916984 0.9222986 0.4811211 0.9267168 0.4915339 0.9176897 0.4921208 0.9218395 0.4916984 0.9207397 0.4811737 0.9304368 0.4916909 0.9238623 0.4813201 0.9315736 0.4921075 0.4901041 0.4343339 0.4078427 0.4847423 0.4389492 0.4170623 0.4678895 0.6909492 0.4338579 0.7117055 0.4147829 0.68156 0.5091864 0.419264 0.4389492 0.4170623 0.4615076 0.4025254 0.4628364 0.6078838 0.4147829 0.68156 0.4079789 0.5954486 0.471735 0.5063776 0.4079789 0.5954486 0.4078427 0.4847423 0.4078427 0.4847423 0.3080064 0.5857939 0.3100765 0.4973797 0.4078427 0.4847423 0.3653714 0.4028788 0.4056349 0.3789812 0.4338579 0.7117055 0.3165011 0.6614711 0.4147829 0.68156 0.4147829 0.68156 0.3080064 0.5857939 0.4079789 0.5954486 0.3290771 0.438681 0.3127615 0.4533852 0.364709 0.4160255 0.3379194 0.6889929 0.2196116 0.6136944 0.3165011 0.6614711 0.3165011 0.6614711 0.2262496 0.5597491 0.3080064 0.5857939 0.3100765 0.4973797 0.2262496 0.5597491 0.2518263 0.4957127 0.3290771 0.438681 0.2518263 0.4957127 0.286474 0.4633584 0.2338256 0.6350454 0.16048 0.5701174 0.2196116 0.6136944 0.286474 0.4633584 0.2681682 0.4593166 0.3127615 0.4533852 0.2518263 0.4957127 0.2450123 0.4557732 0.286474 0.4633584 0.2196116 0.6136944 0.174861 0.5317457 0.2262496 0.5597491 0.2262496 0.5597491 0.2078155 0.4872452 0.2518263 0.4957127 0.2078155 0.4872452 0.1454006 0.5148417 0.1819111 0.4657903 0.16048 0.5701174 0.1413928 0.5759764 0.1300554 0.5574436 0.174861 0.5317457 0.1366184 0.5403409 0.1454006 0.5148417 0.2450123 0.4557732 0.1819111 0.4657903 0.2235065 0.4316444 0.2681682 0.4593166 0.2432441 0.440625 0.2235065 0.4316444 0.1300554 0.5574436 0.105402 0.5209658 0.0971811 0.5059363 0.1454006 0.5148417 0.0971811 0.5059363 0.1155993 0.4748764 0.2235065 0.4316444 0.153799 0.4405024 0.1953496 0.4174832 0.2432441 0.440625 0.1953496 0.4174832 0.2232357 0.4145778 0.1819111 0.4657903 0.1155993 0.4748764 0.153799 0.4405024 0.0971811 0.5059363 0.09144496 0.4613981 0.08572651 0.4495348 0.1155993 0.4748764 0.08572651 0.4495348 0.1043926 0.4282458 0.1953496 0.4174832 0.1404097 0.4061783 0.1786093 0.3925749 0.2232357 0.4145778 0.2035396 0.3925605 0.1786093 0.3925749 0.153799 0.4405024 0.1043926 0.4282458 0.1404097 0.4061783 0.09144496 0.4613981 0.07796005 0.4189001 0.08572651 0.4495348 0.08572651 0.4495348 0.09387282 0.4003102 0.1043926 0.4282458 0.1404097 0.4061783 0.1578138 0.3700874 0.1786093 0.3925749 0.1786093 0.3925749 0.1797268 0.3705275 0.2035396 0.3925605 0.1043926 0.4282458 0.1247718 0.3814377 0.1404097 0.4061783 0.09387282 0.4003102 0.07296403 0.3816298 0.08764739 0.3688913 0.1578138 0.3700874 0.1152245 0.3570157 0.1443951 0.350851 0.1797268 0.3705275 0.1443951 0.350851 0.1619505 0.3622388 0.1247718 0.3814377 0.08764739 0.3688913 0.1152245 0.3570157 0.07796005 0.4189001 0.07671458 0.3902459 0.07296403 0.3816298 0.9222986 0.4811211 0.9238623 0.4813201 0.9234917 0.4811773 0.9238623 0.4813201 0.9222986 0.4811211 0.918825 0.4814899 0.918825 0.4814899 0.9222986 0.4811211 0.9194129 0.4813145 0.4416026 0.3835642 0.4264726 0.3950733 0.4234509 0.3443537 0.3889163 0.4185899 0.3521339 0.4146275 0.3782279 0.3618929 0.4056349 0.3789812 0.3873603 0.353265 0.4096898 0.3319954 0.4264726 0.3950733 0.3889163 0.4185899 0.4023041 0.3654583 0.3653714 0.4028788 0.3782279 0.3618929 0.3873603 0.353265 0.4416026 0.3835642 0.4096898 0.3319954 0.4334045 0.3358624 0.4234509 0.3443537 0.4023041 0.3654583 0.3976997 0.2903445 0.3873603 0.353265 0.3875362 0.2917661 0.3941095 0.2849999 0.4334045 0.3358624 0.4112597 0.2768966 0.4279405 0.2803102 0.4334045 0.3358624 0.4234509 0.3443537 0.4209613 0.2869908 0.4023041 0.3654583 0.3782279 0.3618929 0.3875362 0.2917661 0.4096898 0.3319954 0.3941095 0.2849999 0.4112597 0.2768966 0.4279405 0.2803102 0.4209613 0.2869908 0.4166752 0.2578851 0.3976997 0.2903445 0.3875362 0.2917661 0.3880801 0.2623189 0.4112597 0.2768966 0.3938515 0.2560647 0.4080712 0.2483914 0.4209613 0.2869908 0.3976997 0.2903445 0.3962098 0.2608275 0.3941095 0.2849999 0.3880801 0.2623189 0.3938515 0.2560647 0.4279405 0.2803102 0.4080712 0.2483914 0.4227602 0.2517039 0.4080712 0.2483914 0.428214 0.160571 0.4227602 0.2517039 0.4166752 0.2578851 0.420148 0.170174 0.428214 0.160571 0.3880801 0.2623189 0.3851653 0.2209718 0.4053099 0.2248067 0.3938515 0.2560647 0.4083241 0.1564504 0.4080712 0.2483914 0.3962098 0.2608275 0.4053099 0.2248067 0.420148 0.170174 0.3880801 0.2623189 0.3801013 0.1622209 0.3938515 0.2560647 0.4053099 0.2248067 0.3741509 0.1652028 0.3998671 0.1599439 0.3851653 0.2209718 0.3801013 0.1622209 0.3617816 0.1522032 0.3851653 0.2209718 0.3583266 0.1586076 0.3741509 0.1652028 0.3801013 0.1622209 0.3882248 0.1468035 0.4083241 0.1564504 0.3617816 0.1522032 0.3781921 0.1363421 0.3882248 0.1468035 0.3882248 0.1468035 0.401158 0.1401664 0.4050807 0.1474632 0.3290771 0.438681 0.3521339 0.4146275 0.3889163 0.4185899 0.3889163 0.4185899 0.4615076 0.4025254 0.4264726 0.3950733 0.4264726 0.3950733 0.4416026 0.3835642 0.4389492 0.4170623 0.4170283 0.1411078 0.4086333 0.1298733 0.4176491 0.1318736 0.35676 0.1349476 0.359709 0.1466839 0.3479545 0.1459036 0.359709 0.1466839 0.3590052 0.1567013 0.3479299 0.1499413 0.35676 0.1349476 0.345302 0.1307254 0.3487407 0.1342332 0.3534035 0.1314453 0.3410335 0.1390288 0.345302 0.1307254 0.3479545 0.1459036 0.3479299 0.1499413 0.3371784 0.1429859 0.3487407 0.1342332 0.3378261 0.1329862 0.3393171 0.1344761 0.345302 0.1307254 0.3360023 0.1365102 0.3378261 0.1329862 0.3487407 0.1342332 0.3389922 0.1394646 0.3479545 0.1459036 0.3389922 0.1394646 0.3371784 0.1429859 0.3322302 0.1361755 0.3393171 0.1344761 0.3335513 0.1336095 0.3340181 0.1340694 0.3378261 0.1329862 0.3324224 0.1344338 0.3335513 0.1336095 0.3393171 0.1344761 0.3389922 0.1394646 0.3333576 0.1353514 0.359709 0.1466839 0.35676 0.1349476 0.3732928 0.1365765 0.3534035 0.1314453 0.3732928 0.1365765 0.370025 0.1330827 0.3526893 0.1540995 0.3491987 0.1422862 0.3525017 0.1498137 0.3428305 0.1476764 0.3491987 0.1422862 0.3410335 0.1390288 0.3364631 0.1414547 0.3410335 0.1390288 0.3428305 0.1476764 0.3320639 0.1355667 0.3360023 0.1365102 0.3364631 0.1414547 0.3526893 0.1540995 0.3479299 0.1499413 0.3590052 0.1567013 0.3479299 0.1499413 0.3428305 0.1476764 0.3364631 0.1414547 0.3371784 0.1429859 0.3364631 0.1414547 0.3320639 0.1355667 0.3340181 0.1340694 0.3320639 0.1355667 0.3333576 0.1353514 0.3333576 0.1353514 0.3320639 0.1355667 0.3322302 0.1361755 0.3320639 0.1355667 0.3335513 0.1336095 0.3324224 0.1344338 0.3590052 0.1567013 0.359709 0.1466839 0.3709276 0.1478237 0.3781921 0.1363421 0.3624082 0.135276 0.3691069 0.1287695 0.401158 0.1401664 0.3691069 0.1287695 0.3725109 0.1299715 0.3624082 0.135276 0.3542572 0.1275285 0.3691069 0.1287695 0.3564132 0.1437382 0.3489267 0.139532 0.3525017 0.1498137 0.3564132 0.1437382 0.3512101 0.132895 0.3624082 0.135276 0.3691069 0.1287695 0.3560632 0.1285929 0.3725109 0.1299715 0.3512101 0.132895 0.3433692 0.126527 0.3542572 0.1275285 0.3489267 0.139532 0.3388844 0.13658 0.341927 0.1452133 0.3489267 0.139532 0.340803 0.1310215 0.3512101 0.132895 0.3560632 0.1285929 0.3433692 0.126527 0.3449424 0.1274252 0.340803 0.1310215 0.3374003 0.1272513 0.3433692 0.126527 0.3388844 0.13658 0.3332224 0.1386606 0.3324572 0.1329266 0.3388844 0.13658 0.3347883 0.1297159 0.340803 0.1310215 0.3433692 0.126527 0.3388362 0.1277168 0.3449424 0.1274252 0.3347883 0.1297159 0.3310142 0.1272103 0.3374003 0.1272513 0.3324572 0.1329266 0.328779 0.133332 0.3283619 0.130251 0.3324572 0.1329266 0.3296119 0.128531 0.3347883 0.1297159 0.3374003 0.1272513 0.3317974 0.1274603 0.3388362 0.1277168 0.3296119 0.128531 0.3272355 0.1265367 0.3310142 0.1272103 0.3283619 0.130251 0.3264166 0.1287834 0.3262624 0.1276513 0.3296119 0.128531 0.3262624 0.1276513 0.3267209 0.127021 0.3310142 0.1272103 0.3275258 0.1266291 0.3317974 0.1274603 0.3262624 0.1276513 0.3275258 0.1266291 0.3267209 0.127021 0.3267209 0.127021 0.3275258 0.1266291 0.3272355 0.1265367 0.3275258 0.1266291 0.3317974 0.1274603 0.3269149 0.1286935 0.3262624 0.1276513 0.3264166 0.1287834 0.3275258 0.1266291 0.3275258 0.1266291 0.3264166 0.1287834 0.3269149 0.1286935 0.3269149 0.1286935 0.3317292 0.1309029 0.328779 0.133332 0.3264166 0.1287834 0.3269149 0.1286935 0.3264166 0.1287834 0.3317292 0.1309029 0.3269149 0.1286935 0.3317974 0.1274603 0.3332224 0.1386606 0.328779 0.133332 0.3317292 0.1309029 0.3385386 0.1350828 0.3317292 0.1309029 0.3388362 0.1277168 0.3385386 0.1350828 0.3491987 0.1422862 0.341927 0.1452133 0.3449424 0.1274252 0.3560632 0.1285929 0.3491987 0.1422862 0.3560632 0.1285929 0.370025 0.1330827 0.3725109 0.1299715 0.07296403 0.3816298 0.08139374 0.3475541 0.08764739 0.3688913 0.07671458 0.3902459 0.06937815 0.3540325 0.07296403 0.3816298 0.08764739 0.3688913 0.103441 0.3427322 0.1152245 0.3570157 0.06937815 0.3540325 0.07767219 0.3276497 0.08139374 0.3475541 0.07135711 0.3593201 0.06912374 0.3338291 0.06937815 0.3540325 0.08139374 0.3475541 0.09353103 0.322501 0.103441 0.3427322 0.06912374 0.3338291 0.07544716 0.3059317 0.07767219 0.3276497 0.06912374 0.3338291 0.07016695 0.314192 0.0690553 0.3106466 0.07767219 0.3276497 0.08730792 0.3020889 0.09353103 0.322501 0.0690553 0.3106466 0.07529692 0.2967038 0.07544716 0.3059317 0.07016695 0.314192 0.07074371 0.3000896 0.0690553 0.3106466 0.08730792 0.3020889 0.07529692 0.2967038 0.08124855 0.2912432 0.1443951 0.350851 0.1038537 0.3323096 0.1125942 0.3277061 0.1443951 0.350851 0.1325537 0.3341205 0.1619505 0.3622388 0.1325537 0.3341205 0.1177925 0.3403027 0.1319202 0.3439029 0.103441 0.3427322 0.09819387 0.3212943 0.1177925 0.3403027 0.1319202 0.3439029 0.09819387 0.3212943 0.1080482 0.3253822 0.08730792 0.3020889 0.09819387 0.3212943 0.09353103 0.322501 0.1080482 0.3253822 0.09797312 0.3057396 0.08903854 0.3022225 0.08124855 0.2912432 0.08903854 0.3022225 0.08730792 0.3020889 0.09797312 0.3057396 0.0853655 0.2924186 0.08804061 0.2935969 0.08002578 0.29929 0.0853655 0.2924186 0.07529692 0.2967038 0.07529692 0.2967038 0.0853655 0.2924186 0.08124855 0.2912432 0.07074371 0.3000896 0.08002578 0.29929 0.07529692 0.2967038 0.923142 0.2467977 0.9397956 0.1421662 0.9330597 0.2498392 0.9393948 0.2785781 0.923142 0.2467977 0.9330597 0.2498392 0.9044034 0.2789266 0.8918236 0.2558129 0.9022968 0.2498161 0.8767303 0.1171439 0.8849189 0.1180133 0.8798479 0.1283511 0.9271746 0.2849702 0.9039921 0.2883392 0.9019802 0.2587245 0.8849189 0.1180133 0.8932975 0.1212764 0.8963751 0.1189985 0.8757532 0.1199812 0.8726228 0.117104 0.8772839 0.1165666 0.8639734 0.1181496 0.867242 0.1197955 0.8656234 0.1216633 0.8639089 0.1182354 0.8639089 0.1182354 0.8639734 0.1181496 0.863984 0.1173922 0.864638 0.1166036 0.8643087 0.1169154 0.8643087 0.1169154 0.864638 0.1166036 0.8646474 0.1165472 0.864638 0.1166036 0.8676071 0.1172163 0.8639734 0.1181496 0.863984 0.1173922 0.864638 0.1166036 0.8639089 0.1182354 0.864638 0.1166036 0.8639089 0.1182354 0.8639734 0.1181496 0.8688568 0.125677 0.8656234 0.1216633 0.867242 0.1197955 0.8849189 0.1180133 0.8772839 0.1165666 0.8767303 0.1171439 0.8658314 0.1193689 0.863984 0.1173922 0.8639089 0.1182354 0.8744908 0.1241858 0.8692548 0.1214069 0.8688568 0.125677 0.8692548 0.1214069 0.8667165 0.1180679 0.8709053 0.1189782 0.8667165 0.1180679 0.863984 0.1173922 0.8643087 0.1169154 0.8726228 0.117104 0.8676071 0.1172163 0.8725455 0.1173882 0.9060383 0.1241153 0.8924351 0.1232132 0.8968247 0.1182656 0.8667165 0.1180679 0.8646474 0.1165472 0.8676389 0.1170635 0.8676389 0.1170635 0.864638 0.1166036 0.8676071 0.1172163 0.8719431 0.1229241 0.867242 0.1197955 0.8725455 0.1173882 0.8719431 0.1229241 0.8798479 0.1283511 0.8753167 0.1306148 0.8830869 0.1389867 0.8822336 0.1313488 0.8907314 0.1322108 0.867242 0.1197955 0.8639734 0.1181496 0.8676071 0.1172163 0.8843181 0.356652 0.9044034 0.2789266 0.9281684 0.2754759 0.8668988 0.1286549 0.8674728 0.1275641 0.863485 0.1230829 0.9002057 0.3600673 0.9271746 0.2849702 0.882809 0.3681445 0.9002057 0.3600673 0.9281684 0.2754759 0.9393948 0.2785781 0.8746412 0.1338812 0.8729984 0.1322999 0.8674728 0.1275641 0.8809109 0.1371735 0.8832591 0.1340837 0.8798479 0.1283511 0.8822336 0.1313488 0.8808879 0.1225449 0.8934096 0.1237766 0.8674728 0.1275641 0.8729984 0.1322999 0.8728335 0.1258441 0.8682691 0.1222205 0.8645009 0.1216003 0.8645452 0.1219295 0.8729984 0.1322999 0.8798479 0.1283511 0.8728335 0.1258441 0.8807079 0.1200382 0.8934096 0.1237766 0.8932975 0.1212764 0.863485 0.1230829 0.8674728 0.1275641 0.8673952 0.123849 0.9393948 0.2785781 0.9223762 0.2557687 0.9271746 0.2849702 0.8500525 0.3729301 0.833539 0.3698021 0.8924546 0.2853967 0.8772839 0.1165666 0.8725455 0.1173882 0.8767303 0.1171439 0.8682691 0.1222205 0.8676468 0.1259623 0.863923 0.1228895 0.8681456 0.1211541 0.8638334 0.1222326 0.8645009 0.1216003 0.8645452 0.1219295 0.863485 0.1230829 0.863923 0.1228895 0.863923 0.1228895 0.863485 0.1230829 0.8632562 0.1235218 0.863485 0.1230829 0.8645009 0.1216003 0.8638334 0.1222326 0.8809109 0.1371735 0.8746412 0.1338812 0.8830869 0.1389867 0.8676468 0.1259623 0.8668988 0.1286549 0.8632562 0.1235218 0.8748161 0.1220047 0.8733422 0.1307588 0.8676468 0.1259623 0.8838179 0.1214069 0.8772839 0.1165666 0.8856324 0.1173299 0.8968247 0.1182656 0.8849189 0.1180133 0.8963751 0.1189985 0.9281684 0.2754759 0.9022968 0.2498161 0.923142 0.2467977 0.9039921 0.2883392 0.8924546 0.2853967 0.8918236 0.2558129 0.8881978 0.1296145 0.8838179 0.1214069 0.8924351 0.1232132 0.8692548 0.1214069 0.8658314 0.1193689 0.8656234 0.1216633 0.8823162 0.1264274 0.8757532 0.1199812 0.8838179 0.1214069 0.8924351 0.1232132 0.8856324 0.1173299 0.8968247 0.1182656 0.8823162 0.1264274 0.8744908 0.1241858 0.8753167 0.1306148 0.8881978 0.1296145 0.8823162 0.1264274 0.8832591 0.1340837 0.9187683 0.1267354 0.8968247 0.1182656 0.8963751 0.1189985 0.8733422 0.1307588 0.8746412 0.1338812 0.8668988 0.1286549 0.8744908 0.1241858 0.8709053 0.1189782 0.8757532 0.1199812 0.874574 0.1194938 0.8673952 0.123849 0.8681456 0.1211541 0.8808879 0.1225449 0.874574 0.1194938 0.8748161 0.1220047 0.8822336 0.1313488 0.8830869 0.1389867 0.8746412 0.1338812 0.8808879 0.1225449 0.8822336 0.1313488 0.8733422 0.1307588 0.9333557 0.1275965 0.9264984 0.1190898 0.9301463 0.120417 0.9139463 0.1320282 0.9187683 0.1267354 0.9215947 0.1322331 0.894159 0.1361119 0.9060383 0.1241153 0.9139463 0.1320282 0.8022291 0.4272473 0.8738207 0.4375038 0.85134 0.4200389 0.8807079 0.1200382 0.8728335 0.1258441 0.874574 0.1194938 0.8748161 0.1220047 0.8681456 0.1211541 0.8682691 0.1222205 0.8709053 0.1189782 0.8676389 0.1170635 0.8726228 0.117104 0.9223762 0.2557687 0.9397956 0.1421662 0.929088 0.149144 0.8981822 0.1507708 0.9086037 0.1437065 0.894159 0.1361119 0.8981822 0.1507708 0.8870944 0.1406864 0.8945352 0.1454021 0.850387 0.361604 0.8924546 0.2853967 0.9044034 0.2789266 0.9086037 0.1437065 0.9139463 0.1320282 0.9297222 0.1393423 0.9022968 0.2498161 0.9297222 0.1393423 0.923142 0.2467977 0.908584 0.1533863 0.8945352 0.1454021 0.9137818 0.1414254 0.8918236 0.2558129 0.9022968 0.2498161 0.9086037 0.1437065 0.8918236 0.2558129 0.8981822 0.1507708 0.908584 0.1533863 0.9019802 0.2587245 0.908584 0.1533863 0.929088 0.149144 0.882809 0.3681445 0.8500525 0.3729301 0.9039921 0.2883392 0.8537078 0.4052747 0.850387 0.361604 0.8843181 0.356652 0.85134 0.4200389 0.8022291 0.4272473 0.8500525 0.3729301 0.8776768 0.4091593 0.882809 0.3681445 0.85134 0.4200389 0.8022291 0.4272473 0.7768378 0.4239508 0.833539 0.3698021 0.8019086 0.4128677 0.7572424 0.4614703 0.7768378 0.4239508 0.8213546 0.507278 0.8019086 0.4128677 0.8537078 0.4052747 0.9011074 0.5216848 0.8537078 0.4052747 0.8776768 0.4091593 0.85134 0.4200389 0.9014453 0.4772643 0.8776768 0.4091593 0.9014453 0.4772643 0.8738207 0.4375038 0.8991818 0.4663715 0.1540967 0.5503045 0.1283397 0.5625749 0.1366184 0.5403409 0.1457138 0.5730182 0.1540967 0.5503045 0.174861 0.5317457 0.16048 0.5701174 0.1275633 0.5654679 0.1457138 0.5730182 0.174861 0.5317457 0.16048 0.5701174 0.1457138 0.5730182 0.1457138 0.5730182 0.1244483 0.5733768 0.1323298 0.5766507 0.1244483 0.5733768 0.132697 0.560131 0.1301622 0.5678603 0.1283397 0.5625749 0.1375293 0.5505699 0.1366184 0.5403409 0.138084 0.5379797 0.1366184 0.5403409 0.1375293 0.5505699 0.138084 0.5379797 0.132697 0.560131 0.1333684 0.5510475 0.1275633 0.5654679 0.1333684 0.5510475 0.132697 0.560131 0.1454006 0.5148417 0.1333684 0.5510475 0.1300554 0.5574436 0.6372515 0.4164233 0.4901041 0.4343339 0.6248089 0.4324096 0.6031159 0.6191713 0.4678895 0.6909492 0.60432 0.7080804 0.6113183 0.5098393 0.4628364 0.6078838 0.6031159 0.6191713 0.6248089 0.4324096 0.471735 0.5063776 0.6113183 0.5098393 0.60432 0.7080804 0.4836637 0.7197155 0.613686 0.7379264 0.7451093 0.6229779 0.60432 0.7080804 0.7424642 0.6994202 0.7509577 0.5290968 0.6031159 0.6191713 0.7451093 0.6229779 0.7572424 0.4614703 0.6113183 0.5098393 0.7509577 0.5290968 0.7424642 0.6994202 0.613686 0.7379264 0.7439854 0.7257267 0.7612769 0.4460568 0.6248089 0.4324096 0.7572424 0.4614703 0.7509577 0.5290968 0.8161131 0.6007884 0.8213546 0.507278 0.7424642 0.6994202 0.8098533 0.7049536 0.8116353 0.6776569 0.7612769 0.4460568 0.8022291 0.4272473 0.7778699 0.4403577 0.7451093 0.6229779 0.8116353 0.6776569 0.8161131 0.6007884 0.8213546 0.507278 0.8981379 0.582559 0.9011074 0.5216848 0.8843181 0.356652 0.8776768 0.4091593 0.9002057 0.3600673 0.8116353 0.6776569 0.8900035 0.6529205 0.8938075 0.633301 0.833539 0.3698021 0.8019086 0.4128677 0.850387 0.361604 0.8161131 0.6007884 0.8938075 0.633301 0.8981379 0.582559 0.9256289 0.5804907 0.8981379 0.582559 0.9261197 0.5890154 0.924875 0.5739215 0.9011074 0.5216848 0.9256289 0.5804907 0.9261553 0.596173 0.8900035 0.6529205 0.9257249 0.5991961 0.9241517 0.571824 0.9014453 0.4772643 0.924875 0.5739215 0.9261197 0.5890154 0.8938075 0.633301 0.9261553 0.596173 0.924875 0.5739215 0.9252725 0.5369506 0.9291949 0.5373585 0.9261553 0.596173 0.9383292 0.5394697 0.9372799 0.5389188 0.9241517 0.571824 0.9235268 0.5370434 0.9252725 0.5369506 0.9261197 0.5890154 0.9372799 0.5389188 0.9337889 0.5381113 0.9256289 0.5804907 0.9337889 0.5381113 0.9291949 0.5373585 0.9252725 0.5369506 0.9184898 0.5075697 0.9235936 0.5070832 0.9372799 0.5389188 0.9355404 0.5074994 0.934157 0.5070406 0.9235268 0.5370434 0.9162411 0.5081514 0.9184898 0.5075697 0.9337889 0.5381113 0.934157 0.5070406 0.9295909 0.5068807 0.9291949 0.5373585 0.9295909 0.5068807 0.9235936 0.5070832 0.934157 0.5070406 0.9315736 0.4921075 0.9304368 0.4916909 0.9162411 0.5081514 0.9158611 0.4926374 0.9176897 0.4921208 0.9295909 0.5068807 0.9304368 0.4916909 0.9267168 0.4915339 0.9235936 0.5070832 0.9267168 0.4915339 0.9218395 0.4916984 0.9184898 0.5075697 0.9176897 0.4921208 0.9218395 0.4916984 0.9158611 0.4926374 0.918825 0.4814899 0.9194129 0.4813145 0.9267168 0.4915339 0.9234917 0.4811773 0.9222986 0.4811211 0.9218395 0.4916984 0.9222986 0.4811211 0.9207397 0.4811737 0.9176897 0.4921208 0.9194129 0.4813145 0.9207397 0.4811737 0.9304368 0.4916909 0.9238623 0.4813201 0.9234917 0.4811773 0.4078427 0.4847423 0.4901041 0.4343339 0.4389492 0.4170623 0.4338579 0.7117055 0.4678895 0.6909492 0.4147829 0.68156 0.4389492 0.4170623 0.5091864 0.419264 0.4615076 0.4025254 0.4147829 0.68156 0.4628364 0.6078838 0.4079789 0.5954486 0.4079789 0.5954486 0.471735 0.5063776 0.4078427 0.4847423 0.3080064 0.5857939 0.4078427 0.4847423 0.3100765 0.4973797 0.4078427 0.4847423 0.3653714 0.4028788 0.3100765 0.4973797 0.4338579 0.7117055 0.3165011 0.6614711 0.3379194 0.6889929 0.4147829 0.68156 0.3080064 0.5857939 0.3165011 0.6614711 0.3290771 0.438681 0.3127615 0.4533852 0.286474 0.4633584 0.3379194 0.6889929 0.2196116 0.6136944 0.2338256 0.6350454 0.3165011 0.6614711 0.2262496 0.5597491 0.2196116 0.6136944 0.2262496 0.5597491 0.3100765 0.4973797 0.2518263 0.4957127 0.2518263 0.4957127 0.3290771 0.438681 0.286474 0.4633584 0.2338256 0.6350454 0.16048 0.5701174 0.1699229 0.5866131 0.286474 0.4633584 0.2681682 0.4593166 0.2450123 0.4557732 0.2518263 0.4957127 0.2450123 0.4557732 0.2078155 0.4872452 0.2196116 0.6136944 0.174861 0.5317457 0.16048 0.5701174 0.2262496 0.5597491 0.2078155 0.4872452 0.174861 0.5317457 0.1454006 0.5148417 0.2078155 0.4872452 0.1819111 0.4657903 0.1413928 0.5759764 0.16048 0.5701174 0.1300554 0.5574436 0.174861 0.5317457 0.1366184 0.5403409 0.1540967 0.5503045 0.1819111 0.4657903 0.2450123 0.4557732 0.2235065 0.4316444 0.2235065 0.4316444 0.2432441 0.440625 0.2681682 0.4593166 0.105402 0.5209658 0.1300554 0.5574436 0.0971811 0.5059363 0.0971811 0.5059363 0.1454006 0.5148417 0.1155993 0.4748764 0.153799 0.4405024 0.2235065 0.4316444 0.1953496 0.4174832 0.1953496 0.4174832 0.2432441 0.440625 0.2232357 0.4145778 0.1155993 0.4748764 0.1819111 0.4657903 0.153799 0.4405024 0.09144496 0.4613981 0.0971811 0.5059363 0.08572651 0.4495348 0.08572651 0.4495348 0.1155993 0.4748764 0.1043926 0.4282458 0.1404097 0.4061783 0.1953496 0.4174832 0.1786093 0.3925749 0.1786093 0.3925749 0.2035396 0.3925605 0.2232357 0.4145778 0.1043926 0.4282458 0.153799 0.4405024 0.1404097 0.4061783 0.09144496 0.4613981 0.07796005 0.4189001 0.08303504 0.4297076 0.08572651 0.4495348 0.09387282 0.4003102 0.07796005 0.4189001 0.1404097 0.4061783 0.1578138 0.3700874 0.1247718 0.3814377 0.1786093 0.3925749 0.1797268 0.3705275 0.1578138 0.3700874 0.1043926 0.4282458 0.1247718 0.3814377 0.09387282 0.4003102 0.07296403 0.3816298 0.09387282 0.4003102 0.08764739 0.3688913 0.1152245 0.3570157 0.1578138 0.3700874 0.1443951 0.350851 0.1443951 0.350851 0.1797268 0.3705275 0.1619505 0.3622388 0.08764739 0.3688913 0.1247718 0.3814377 0.1152245 0.3570157 0.07671458 0.3902459 0.07796005 0.4189001 0.07296403 0.3816298 0.9238623 0.4813201 0.9222986 0.4811211 0.9234917 0.4811773 0.9222986 0.4811211 0.9194129 0.4813145 0.9207397 0.4811737 0.9194129 0.4813145 0.9222986 0.4811211 0.918825 0.4814899 0.4416026 0.3835642 0.4334045 0.3358624 0.4234509 0.3443537 0.3889163 0.4185899 0.4023041 0.3654583 0.3782279 0.3618929 0.3873603 0.353265 0.4056349 0.3789812 0.4096898 0.3319954 0.4264726 0.3950733 0.4234509 0.3443537 0.4023041 0.3654583 0.3782279 0.3618929 0.3653714 0.4028788 0.3873603 0.353265 0.4096898 0.3319954 0.4416026 0.3835642 0.4334045 0.3358624 0.4234509 0.3443537 0.4209613 0.2869908 0.3976997 0.2903445 0.3875362 0.2917661 0.3873603 0.353265 0.3941095 0.2849999 0.4112597 0.2768966 0.4334045 0.3358624 0.4279405 0.2803102 0.4334045 0.3358624 0.4279405 0.2803102 0.4209613 0.2869908 0.4023041 0.3654583 0.3976997 0.2903445 0.3875362 0.2917661 0.3941095 0.2849999 0.4096898 0.3319954 0.4112597 0.2768966 0.4279405 0.2803102 0.4227602 0.2517039 0.4166752 0.2578851 0.3976997 0.2903445 0.3962098 0.2608275 0.3880801 0.2623189 0.3938515 0.2560647 0.4112597 0.2768966 0.4080712 0.2483914 0.4209613 0.2869908 0.4166752 0.2578851 0.3962098 0.2608275 0.3880801 0.2623189 0.3941095 0.2849999 0.3938515 0.2560647 0.4080712 0.2483914 0.4279405 0.2803102 0.4227602 0.2517039 0.4080712 0.2483914 0.428214 0.160571 0.4083241 0.1564504 0.428214 0.160571 0.420148 0.170174 0.4166752 0.2578851 0.4053099 0.2248067 0.3851653 0.2209718 0.3880801 0.2623189 0.3938515 0.2560647 0.4083241 0.1564504 0.3801013 0.1622209 0.420148 0.170174 0.4053099 0.2248067 0.3962098 0.2608275 0.3880801 0.2623189 0.3801013 0.1622209 0.3851653 0.2209718 0.3998671 0.1599439 0.3741509 0.1652028 0.4053099 0.2248067 0.3851653 0.2209718 0.3583266 0.1586076 0.3617816 0.1522032 0.3741509 0.1652028 0.3583266 0.1586076 0.3851653 0.2209718 0.3801013 0.1622209 0.3882248 0.1468035 0.3617816 0.1522032 0.3617816 0.1522032 0.3781921 0.1363421 0.3564132 0.1437382 0.3882248 0.1468035 0.401158 0.1401664 0.3781921 0.1363421 0.3290771 0.438681 0.3889163 0.4185899 0.364709 0.4160255 0.4615076 0.4025254 0.3889163 0.4185899 0.4264726 0.3950733 0.4389492 0.4170623 0.4416026 0.3835642 0.4264726 0.3950733 0.4170283 0.1411078 0.4258804 0.1531719 0.4176491 0.1318736 0.35676 0.1349476 0.3487407 0.1342332 0.3479545 0.1459036 0.359709 0.1466839 0.3479545 0.1459036 0.3479299 0.1499413 0.345302 0.1307254 0.35676 0.1349476 0.3487407 0.1342332 0.3410335 0.1390288 0.3534035 0.1314453 0.345302 0.1307254 0.3479545 0.1459036 0.3389922 0.1394646 0.3371784 0.1429859 0.3378261 0.1329862 0.3487407 0.1342332 0.3393171 0.1344761 0.3360023 0.1365102 0.345302 0.1307254 0.3378261 0.1329862 0.3487407 0.1342332 0.3389922 0.1394646 0.3393171 0.1344761 0.3389922 0.1394646 0.3333576 0.1353514 0.3322302 0.1361755 0.3335513 0.1336095 0.3393171 0.1344761 0.3340181 0.1340694 0.3324224 0.1344338 0.3378261 0.1329862 0.3335513 0.1336095 0.3393171 0.1344761 0.3333576 0.1353514 0.3340181 0.1340694 0.359709 0.1466839 0.3709276 0.1478237 0.3732928 0.1365765 0.3732928 0.1365765 0.3534035 0.1314453 0.370025 0.1330827 0.3526893 0.1540995 0.3525017 0.1498137 0.3583266 0.1586076 0.3491987 0.1422862 0.3428305 0.1476764 0.3410335 0.1390288 0.3410335 0.1390288 0.3364631 0.1414547 0.3428305 0.1476764 0.3320639 0.1355667 0.3360023 0.1365102 0.3324224 0.1344338 0.3526893 0.1540995 0.3479299 0.1499413 0.3428305 0.1476764 0.3364631 0.1414547 0.3428305 0.1476764 0.3479299 0.1499413 0.3320639 0.1355667 0.3364631 0.1414547 0.3371784 0.1429859 0.3322302 0.1361755 0.3320639 0.1355667 0.3333576 0.1353514 0.3333576 0.1353514 0.3320639 0.1355667 0.3340181 0.1340694 0.3340181 0.1340694 0.3320639 0.1355667 0.3335513 0.1336095 0.3590052 0.1567013 0.3741509 0.1652028 0.3709276 0.1478237 0.3624082 0.135276 0.3781921 0.1363421 0.3691069 0.1287695 0.3691069 0.1287695 0.401158 0.1401664 0.3725109 0.1299715 0.3624082 0.135276 0.3542572 0.1275285 0.3512101 0.132895 0.3525017 0.1498137 0.3489267 0.139532 0.3564132 0.1437382 0.3564132 0.1437382 0.3512101 0.132895 0.3489267 0.139532 0.3691069 0.1287695 0.3560632 0.1285929 0.3542572 0.1275285 0.3512101 0.132895 0.3433692 0.126527 0.340803 0.1310215 0.341927 0.1452133 0.3388844 0.13658 0.3489267 0.139532 0.3489267 0.139532 0.340803 0.1310215 0.3388844 0.13658 0.3433692 0.126527 0.3560632 0.1285929 0.3449424 0.1274252 0.340803 0.1310215 0.3374003 0.1272513 0.3347883 0.1297159 0.3332224 0.1386606 0.3388844 0.13658 0.3324572 0.1329266 0.3388844 0.13658 0.3347883 0.1297159 0.3324572 0.1329266 0.3433692 0.126527 0.3388362 0.1277168 0.3374003 0.1272513 0.3347883 0.1297159 0.3310142 0.1272103 0.3296119 0.128531 0.328779 0.133332 0.3324572 0.1329266 0.3283619 0.130251 0.3324572 0.1329266 0.3296119 0.128531 0.3283619 0.130251 0.3374003 0.1272513 0.3317974 0.1274603 0.3310142 0.1272103 0.3296119 0.128531 0.3272355 0.1265367 0.3267209 0.127021 0.3264166 0.1287834 0.3283619 0.130251 0.3262624 0.1276513 0.3262624 0.1276513 0.3296119 0.128531 0.3267209 0.127021 0.3310142 0.1272103 0.3275258 0.1266291 0.3272355 0.1265367 0.3269149 0.1286935 0.3317974 0.1274603 0.3275258 0.1266291 0.3275258 0.1266291 0.3267209 0.127021 0.3272355 0.1265367 0.3267209 0.127021 0.3264166 0.1287834 0.3262624 0.1276513 0.3269149 0.1286935 0.3264166 0.1287834 0.3275258 0.1266291 0.3275258 0.1266291 0.3264166 0.1287834 0.3267209 0.127021 0.328779 0.133332 0.3317292 0.1309029 0.3269149 0.1286935 0.3264166 0.1287834 0.328779 0.133332 0.3264166 0.1287834 0.3317974 0.1274603 0.3269149 0.1286935 0.3317292 0.1309029 0.3332224 0.1386606 0.3385386 0.1350828 0.3317292 0.1309029 0.3388362 0.1277168 0.3317292 0.1309029 0.3385386 0.1350828 0.341927 0.1452133 0.3491987 0.1422862 0.3385386 0.1350828 0.3449424 0.1274252 0.3385386 0.1350828 0.3491987 0.1422862 0.370025 0.1330827 0.3560632 0.1285929 0.3725109 0.1299715 0.07296403 0.3816298 0.08139374 0.3475541 0.06937815 0.3540325 0.07671458 0.3902459 0.06937815 0.3540325 0.07135711 0.3593201 0.08764739 0.3688913 0.103441 0.3427322 0.08139374 0.3475541 0.06937815 0.3540325 0.07767219 0.3276497 0.06912374 0.3338291 0.07135711 0.3593201 0.06912374 0.3338291 0.07053122 0.3383248 0.08139374 0.3475541 0.09353103 0.322501 0.07767219 0.3276497 0.06912374 0.3338291 0.07544716 0.3059317 0.0690553 0.3106466 0.07016695 0.314192 0.06912374 0.3338291 0.0690553 0.3106466 0.07767219 0.3276497 0.08730792 0.3020889 0.07544716 0.3059317 0.0690553 0.3106466 0.07529692 0.2967038 0.07074371 0.3000896 0.07016695 0.314192 0.07074371 0.3000896 0.07082161 0.3029802 0.07529692 0.2967038 0.08730792 0.3020889 0.08124855 0.2912432 0.1038537 0.3323096 0.1443951 0.350851 0.1125942 0.3277061 0.1443951 0.350851 0.1325537 0.3341205 0.1125942 0.3277061 0.1177925 0.3403027 0.1325537 0.3341205 0.1319202 0.3439029 0.09819387 0.3212943 0.103441 0.3427322 0.1177925 0.3403027 0.09819387 0.3212943 0.1319202 0.3439029 0.1080482 0.3253822 0.08730792 0.3020889 0.09819387 0.3212943 0.08903854 0.3022225 0.08903854 0.3022225 0.09797312 0.3057396 0.1080482 0.3253822 0.08124855 0.2912432 0.08903854 0.3022225 0.0853655 0.2924186 0.0853655 0.2924186 0.09797312 0.3057396 0.08804061 0.2935969 0.08124855 0.2912432 0.0853655 0.2924186 0.07529692 0.2967038 0.07529692 0.2967038 0.0853655 0.2924186 0.08002578 0.29929 0.08002578 0.29929 0.07074371 0.3000896 0.07529692 0.2967038 0.923142 0.2467977 0.9397956 0.1421662 0.9297222 0.1393423 0.923142 0.2467977 0.9393948 0.2785781 0.9330597 0.2498392 0.8918236 0.2558129 0.9044034 0.2789266 0.9022968 0.2498161 0.8767303 0.1171439 0.8719431 0.1229241 0.8798479 0.1283511 0.9271746 0.2849702 0.9223762 0.2557687 0.9019802 0.2587245 0.8932975 0.1212764 0.8849189 0.1180133 0.8963751 0.1189985 0.8757532 0.1199812 0.8726228 0.117104 0.8709053 0.1189782 0.8656234 0.1216633 0.867242 0.1197955 0.8639734 0.1181496 0.8656234 0.1216633 0.8639734 0.1181496 0.8639089 0.1182354 0.8639734 0.1181496 0.8676071 0.1172163 0.864638 0.1166036 0.864638 0.1166036 0.8643087 0.1169154 0.8646474 0.1165472 0.8639734 0.1181496 0.8639089 0.1182354 0.864638 0.1166036 0.864638 0.1166036 0.863984 0.1173922 0.8643087 0.1169154 0.864638 0.1166036 0.863984 0.1173922 0.8639089 0.1182354 0.8688568 0.125677 0.8719431 0.1229241 0.867242 0.1197955 0.8772839 0.1165666 0.8849189 0.1180133 0.8767303 0.1171439 0.8639089 0.1182354 0.863984 0.1173922 0.8658314 0.1193689 0.8688568 0.125677 0.8692548 0.1214069 0.8744908 0.1241858 0.8692548 0.1214069 0.8667165 0.1180679 0.8658314 0.1193689 0.863984 0.1173922 0.8667165 0.1180679 0.8643087 0.1169154 0.8726228 0.117104 0.8676071 0.1172163 0.8676389 0.1170635 0.8924351 0.1232132 0.9060383 0.1241153 0.8968247 0.1182656 0.8667165 0.1180679 0.8646474 0.1165472 0.8643087 0.1169154 0.8676389 0.1170635 0.864638 0.1166036 0.8646474 0.1165472 0.8725455 0.1173882 0.867242 0.1197955 0.8719431 0.1229241 0.8753167 0.1306148 0.8798479 0.1283511 0.8719431 0.1229241 0.8830869 0.1389867 0.8945352 0.1454021 0.8907314 0.1322108 0.8676071 0.1172163 0.8639734 0.1181496 0.867242 0.1197955 0.9044034 0.2789266 0.8843181 0.356652 0.9281684 0.2754759 0.863485 0.1230829 0.8674728 0.1275641 0.8668988 0.1286549 0.9002057 0.3600673 0.9271746 0.2849702 0.9393948 0.2785781 0.9281684 0.2754759 0.9002057 0.3600673 0.9393948 0.2785781 0.8674728 0.1275641 0.8729984 0.1322999 0.8746412 0.1338812 0.8809109 0.1371735 0.8832591 0.1340837 0.8870944 0.1406864 0.8822336 0.1313488 0.8907314 0.1322108 0.8934096 0.1237766 0.8728335 0.1258441 0.8729984 0.1322999 0.8674728 0.1275641 0.8645009 0.1216003 0.8682691 0.1222205 0.8645452 0.1219295 0.8798479 0.1283511 0.8729984 0.1322999 0.8728335 0.1258441 0.8934096 0.1237766 0.8807079 0.1200382 0.8932975 0.1212764 0.863485 0.1230829 0.8673952 0.123849 0.8638334 0.1222326 0.9393948 0.2785781 0.9223762 0.2557687 0.9330597 0.2498392 0.8500525 0.3729301 0.9039921 0.2883392 0.8924546 0.2853967 0.8772839 0.1165666 0.8725455 0.1173882 0.8726228 0.117104 0.8682691 0.1222205 0.863923 0.1228895 0.8645452 0.1219295 0.8638334 0.1222326 0.8681456 0.1211541 0.8645009 0.1216003 0.8632562 0.1235218 0.863485 0.1230829 0.863923 0.1228895 0.863923 0.1228895 0.863485 0.1230829 0.8645452 0.1219295 0.8645452 0.1219295 0.863485 0.1230829 0.8645009 0.1216003 0.8809109 0.1371735 0.8746412 0.1338812 0.8729984 0.1322999 0.8676468 0.1259623 0.863923 0.1228895 0.8632562 0.1235218 0.8748161 0.1220047 0.8682691 0.1222205 0.8676468 0.1259623 0.8838179 0.1214069 0.8772839 0.1165666 0.8757532 0.1199812 0.8968247 0.1182656 0.8849189 0.1180133 0.8856324 0.1173299 0.9022968 0.2498161 0.9281684 0.2754759 0.923142 0.2467977 0.9039921 0.2883392 0.9019802 0.2587245 0.8918236 0.2558129 0.8881978 0.1296145 0.8838179 0.1214069 0.8823162 0.1264274 0.8656234 0.1216633 0.8658314 0.1193689 0.8692548 0.1214069 0.8823162 0.1264274 0.8757532 0.1199812 0.8744908 0.1241858 0.8924351 0.1232132 0.8856324 0.1173299 0.8838179 0.1214069 0.8753167 0.1306148 0.8744908 0.1241858 0.8823162 0.1264274 0.8832591 0.1340837 0.8823162 0.1264274 0.8881978 0.1296145 0.8968247 0.1182656 0.9187683 0.1267354 0.8963751 0.1189985 0.8733422 0.1307588 0.8676468 0.1259623 0.8668988 0.1286549 0.8744908 0.1241858 0.8709053 0.1189782 0.8692548 0.1214069 0.8673952 0.123849 0.874574 0.1194938 0.8681456 0.1211541 0.874574 0.1194938 0.8808879 0.1225449 0.8748161 0.1220047 0.8822336 0.1313488 0.8733422 0.1307588 0.8746412 0.1338812 0.8808879 0.1225449 0.8748161 0.1220047 0.8733422 0.1307588 0.9333557 0.1275965 0.9364622 0.1364926 0.9301463 0.120417 0.9139463 0.1320282 0.9187683 0.1267354 0.9060383 0.1241153 0.894159 0.1361119 0.9060383 0.1241153 0.8881978 0.1296145 0.8738207 0.4375038 0.8022291 0.4272473 0.85134 0.4200389 0.8728335 0.1258441 0.8807079 0.1200382 0.874574 0.1194938 0.8681456 0.1211541 0.8748161 0.1220047 0.8682691 0.1222205 0.8709053 0.1189782 0.8676389 0.1170635 0.8667165 0.1180679 0.9397956 0.1421662 0.9223762 0.2557687 0.929088 0.149144 0.8981822 0.1507708 0.8870944 0.1406864 0.894159 0.1361119 0.8945352 0.1454021 0.8870944 0.1406864 0.8981822 0.1507708 0.8924546 0.2853967 0.850387 0.361604 0.9044034 0.2789266 0.9086037 0.1437065 0.9139463 0.1320282 0.894159 0.1361119 0.9022968 0.2498161 0.9297222 0.1393423 0.9086037 0.1437065 0.9137818 0.1414254 0.8945352 0.1454021 0.908584 0.1533863 0.8918236 0.2558129 0.8981822 0.1507708 0.9086037 0.1437065 0.908584 0.1533863 0.8981822 0.1507708 0.8918236 0.2558129 0.929088 0.149144 0.908584 0.1533863 0.9019802 0.2587245 0.882809 0.3681445 0.9271746 0.2849702 0.9039921 0.2883392 0.850387 0.361604 0.8537078 0.4052747 0.8843181 0.356652 0.85134 0.4200389 0.882809 0.3681445 0.8500525 0.3729301 0.8776768 0.4091593 0.882809 0.3681445 0.9002057 0.3600673 0.8022291 0.4272473 0.8500525 0.3729301 0.833539 0.3698021 0.7572424 0.4614703 0.8019086 0.4128677 0.7768378 0.4239508 0.8213546 0.507278 0.8019086 0.4128677 0.7509577 0.5290968 0.9011074 0.5216848 0.8537078 0.4052747 0.8213546 0.507278 0.9014453 0.4772643 0.85134 0.4200389 0.8776768 0.4091593 0.85134 0.4200389 0.9014453 0.4772643 0.8738207 0.4375038 0.1540967 0.5503045 0.1283397 0.5625749 0.1358952 0.5668569 0.1457138 0.5730182 0.174861 0.5317457 0.1540967 0.5503045 0.1275633 0.5654679 0.16048 0.5701174 0.1457138 0.5730182 0.16048 0.5701174 0.174861 0.5317457 0.1457138 0.5730182 0.1244483 0.5733768 0.1457138 0.5730182 0.1323298 0.5766507 0.132697 0.560131 0.1244483 0.5733768 0.1301622 0.5678603 0.1283397 0.5625749 0.1375293 0.5505699 0.1301622 0.5678603 0.138084 0.5379797 0.1366184 0.5403409 0.1454006 0.5148417 0.138084 0.5379797 0.132697 0.560131 0.1375293 0.5505699 0.1333684 0.5510475 0.1275633 0.5654679 0.132697 0.560131 0.1454006 0.5148417 0.1333684 0.5510475 0.138084 0.5379797</float_array>
          <technique_common>
            <accessor count="4134" source="#IID-_0003-array" stride="2">
              <param type="float" name="S" />
              <param type="float" name="T" />
            </accessor>
          </technique_common>
        </source>
        <vertices id="IID-_0001-vertices">
          <input semantic="POSITION" source="#IID-_0001" />
        </vertices>
        <triangles count="1378" material="slot000">
          <input offset="0" semantic="VERTEX" source="#IID-_0001-vertices" />
          <input offset="0" semantic="NORMAL" source="#IID-_0002" />
          <input offset="1" semantic="TEXCOORD" source="#IID-_0003" set="0" />
          <p>4 0 5 1 11 2 1 3 2 4 8 5 2 6 3 7 9 8 3 9 4 10 10 11 0 12 1 13 7 14 7 15 8 16 14 17 8 18 9 19 15 20 9 21 10 22 16 23 6 24 7 25 13 26 10 27 11 28 17 29 15 30 21 31 20 32 13 33 19 34 18 35 349 36 16 37 17 38 14 39 20 40 19 41 21 42 25 43 24 44 353 45 352 46 342 47 19 48 23 49 22 50 351 51 350 52 336 53 20 54 24 55 23 56 24 57 25 58 31 59 25 60 26 61 32 62 22 63 23 64 29 65 26 66 27 67 33 68 23 69 24 70 30 71 32 72 37 73 38 74 29 75 35 76 34 77 33 78 38 79 39 80 30 81 36 82 35 83 31 84 37 85 36 86 38 87 43 88 44 89 35 90 41 91 40 92 39 93 44 94 45 95 36 96 42 97 41 98 37 99 43 100 42 101 41 102 47 103 46 104 45 105 50 106 51 107 42 108 48 109 47 110 43 111 49 112 48 113 44 114 49 115 50 116 51 117 56 118 57 119 48 120 54 121 53 122 49 123 55 124 54 125 50 126 55 127 56 128 47 129 53 130 52 131 4 132 3 133 61 134 1 135 0 136 58 137 5 138 4 139 62 140 2 141 1 142 59 143 3 144 2 145 60 146 61 147 60 148 66 149 61 150 67 151 114 152 58 153 64 154 65 155 114 156 67 157 115 158 59 159 65 160 66 161 68 162 71 163 70 164 64 165 75 166 74 167 65 168 74 169 73 170 67 171 66 172 73 173 68 174 67 175 72 176 75 177 81 178 80 179 71 180 77 181 76 182 72 183 78 184 77 185 74 186 80 187 79 188 73 189 79 190 78 191 78 192 79 193 85 194 80 195 81 196 87 197 79 198 356 199 358 200 77 201 78 202 84 203 76 204 83 205 77 206 86 207 87 208 93 209 85 210 86 211 92 212 83 213 84 214 90 215 82 216 83 217 89 218 84 219 85 220 91 221 92 222 93 223 99 224 91 225 92 226 98 227 89 228 90 229 96 230 88 231 89 232 95 233 90 234 91 235 97 236 99 237 105 238 104 239 98 240 104 241 103 242 96 243 102 244 101 245 95 246 101 247 100 248 97 249 103 250 102 251 103 252 104 253 110 254 101 255 102 256 108 257 100 258 101 259 107 260 102 261 103 262 109 263 104 264 105 265 111 266 56 267 54 268 55 269 112 270 123 271 118 272 116 273 121 274 122 275 113 276 114 277 120 278 117 279 122 280 123 281 114 282 115 283 121 284 112 285 113 286 119 287 123 288 128 289 129 290 120 291 121 292 127 293 118 294 119 295 125 296 118 297 129 298 124 299 122 300 127 301 128 302 119 303 120 304 126 305 124 306 135 307 130 308 128 309 133 310 134 311 125 312 126 313 132 314 129 315 134 316 135 317 126 318 127 319 133 320 124 321 125 322 131 323 131 324 137 325 136 326 135 327 136 328 130 329 133 330 140 331 134 332 132 333 138 334 137 335 134 336 141 337 135 338 133 339 139 340 138 341 140 342 147 343 141 344 139 345 144 346 145 347 136 348 141 349 155 350 139 351 146 352 140 353 138 354 144 355 143 356 146 357 181 358 152 359 144 360 150 361 149 362 146 363 152 364 147 365 144 366 145 367 150 368 143 369 149 370 148 371 67 372 68 373 115 374 68 375 69 376 116 377 116 378 69 379 63 380 117 381 63 382 62 383 112 384 62 385 113 386 62 387 61 388 113 389 158 390 159 391 143 392 153 393 154 394 155 395 153 396 143 397 159 398 159 399 156 400 154 401 142 402 143 403 158 404 157 405 154 406 141 407 154 408 156 409 157 410 153 411 155 412 136 413 136 414 137 415 153 416 155 417 141 418 154 419 141 420 147 421 157 422 157 423 156 424 158 425 147 426 157 427 142 428 157 429 142 430 158 431 158 432 156 433 159 434 143 435 153 436 137 437 161 438 166 439 167 440 160 441 170 442 166 443 161 444 162 445 168 446 162 447 163 448 169 449 166 450 175 451 171 452 167 453 168 454 173 455 168 456 169 457 174 458 167 459 172 460 171 461 171 462 180 463 176 464 172 465 173 466 178 467 173 468 174 469 179 470 172 471 177 472 176 473 160 474 182 475 181 476 162 477 161 478 182 479 164 480 145 481 190 482 184 483 164 484 163 485 185 486 174 487 169 488 186 489 179 490 174 491 164 492 184 493 170 494 170 495 185 496 175 497 175 498 186 499 180 500 177 501 178 502 186 503 142 504 148 505 147 506 152 507 148 508 147 509 181 510 182 511 152 512 182 513 152 514 183 515 151 516 183 517 152 518 152 519 148 520 151 521 145 522 165 523 146 524 165 525 181 526 146 527 149 528 150 529 189 530 148 531 149 532 188 533 151 534 148 535 187 536 151 537 187 538 183 539 189 540 194 541 193 542 150 543 145 544 190 545 150 546 191 547 194 548 188 549 193 550 192 551 194 552 199 553 198 554 191 555 195 556 190 557 191 558 196 559 199 560 192 561 193 562 198 563 199 564 204 565 203 566 196 567 200 568 195 569 196 570 201 571 204 572 198 573 203 574 202 575 204 576 209 577 208 578 201 579 200 580 205 581 201 582 206 583 209 584 203 585 208 586 207 587 209 588 214 589 213 590 206 591 205 592 210 593 209 594 206 595 211 596 208 597 213 598 212 599 215 600 211 601 210 602 205 603 210 604 216 605 217 606 207 607 202 608 200 609 217 610 218 611 218 612 202 613 197 614 163 615 190 616 195 617 218 618 195 619 200 620 197 621 163 622 218 623 192 624 162 625 183 626 163 627 162 628 192 629 165 630 145 631 164 632 110 633 221 634 220 635 111 636 222 637 221 638 109 639 220 640 219 641 221 642 225 643 224 644 222 645 226 646 225 647 220 648 224 649 223 650 225 651 229 652 228 653 225 654 226 655 230 656 224 657 228 658 227 659 229 660 233 661 232 662 230 663 234 664 233 665 227 666 228 667 232 668 107 669 108 670 237 671 107 672 236 673 235 674 239 675 219 676 237 677 235 678 236 679 239 680 219 681 223 682 241 683 238 684 239 685 241 686 227 687 243 688 241 689 240 690 243 691 241 692 231 693 245 694 243 695 242 696 243 697 245 698 237 699 236 700 239 701 108 702 219 703 237 704 245 705 246 706 244 707 233 708 234 709 246 710 296 711 286 712 287 713 331 714 329 715 296 716 326 717 302 718 292 719 332 720 262 721 334 722 289 723 338 724 253 725 338 726 339 727 298 728 300 729 290 730 288 731 298 732 339 733 311 734 284 735 274 736 276 737 273 738 266 739 257 740 338 741 304 742 293 743 258 744 266 745 265 746 279 747 256 748 253 749 298 750 297 751 285 752 271 753 266 754 273 755 291 756 279 757 293 758 278 759 271 760 268 761 268 762 271 763 265 764 276 765 269 766 270 767 254 768 252 769 305 770 268 771 259 772 263 773 251 774 311 775 250 776 269 777 263 778 264 779 250 780 255 781 251 782 262 783 332 784 261 785 253 786 277 787 289 788 253 789 293 790 279 791 332 792 313 793 261 794 250 795 260 796 255 797 312 798 250 799 311 800 313 801 312 802 250 803 256 804 270 805 277 806 342 807 337 808 326 809 319 810 308 811 314 812 343 813 331 814 300 815 343 816 342 817 329 818 324 819 309 820 319 821 334 822 262 823 304 824 341 825 312 826 313 827 309 828 325 829 320 830 322 831 321 832 316 833 310 834 334 835 338 836 339 837 340 838 312 839 308 840 315 841 320 842 331 843 299 844 288 845 335 846 302 847 301 848 285 849 276 850 277 851 275 852 255 853 260 854 322 855 317 856 318 857 321 858 320 859 315 860 317 861 316 862 308 863 334 864 310 865 324 866 323 867 314 868 318 869 328 870 323 871 322 872 294 873 284 874 285 875 306 876 297 877 298 878 329 879 326 880 295 881 301 882 292 883 290 884 251 885 255 886 307 887 252 888 303 889 294 890 278 891 273 892 279 893 303 894 291 895 284 896 305 897 294 898 297 899 303 900 293 901 304 902 252 903 304 904 262 905 255 906 254 907 306 908 330 909 319 910 323 911 291 912 278 913 274 914 251 915 307 916 311 917 327 918 325 919 320 920 346 921 275 922 345 923 340 924 339 925 327 926 341 927 324 928 330 929 340 930 330 931 328 932 249 933 247 934 287 935 260 936 275 937 346 938 280 939 346 940 260 941 247 942 248 943 280 944 249 945 248 946 247 947 248 948 346 949 347 950 275 951 272 952 345 953 344 954 347 955 248 956 261 957 250 958 260 959 345 960 344 961 272 962 272 963 254 964 255 965 267 966 252 967 262 968 267 969 252 970 254 971 349 972 354 973 355 974 249 975 272 976 344 977 346 978 248 979 280 980 287 981 286 982 249 983 339 984 338 985 325 986 346 987 345 988 347 989 272 990 249 991 286 992 328 993 327 994 321 995 345 996 347 997 344 998 274 999 268 1000 269 1001 288 1002 299 1003 287 1004 282 1005 267 1006 262 1007 282 1008 261 1009 281 1010 337 1011 336 1012 302 1013 287 1014 247 1015 280 1016 261 1017 313 1018 250 1019 283 1020 267 1021 272 1022 295 1023 283 1024 286 1025 281 1026 260 1027 280 1028 292 1029 283 1030 282 1031 292 1032 281 1033 290 1034 290 1035 280 1036 288 1037 333 1038 301 1039 300 1040 352 1041 351 1042 337 1043 348 1044 335 1045 333 1046 353 1047 343 1048 333 1049 349 1050 336 1051 335 1052 350 1053 349 1054 16 1055 351 1056 15 1057 16 1058 21 1059 15 1060 351 1061 353 1062 26 1063 25 1064 25 1065 21 1066 352 1067 26 1068 348 1069 355 1070 356 1071 360 1072 362 1073 361 1074 360 1075 356 1076 360 1077 364 1078 362 1079 80 1080 86 1081 359 1082 361 1083 364 1084 360 1085 356 1086 357 1087 361 1088 357 1089 359 1090 363 1091 364 1092 361 1093 363 1094 363 1095 365 1096 364 1097 362 1098 364 1099 365 1100 363 1101 359 1102 366 1103 366 1104 367 1105 365 1106 362 1107 365 1108 367 1109 369 1110 85 1111 358 1112 369 1113 367 1114 366 1115 359 1116 86 1117 368 1118 85 1119 369 1120 368 1121 11 1122 5 1123 373 1124 375 1125 371 1126 370 1127 376 1128 372 1129 371 1130 377 1131 373 1132 372 1133 374 1134 370 1135 0 1136 379 1137 375 1138 374 1139 380 1140 376 1141 375 1142 381 1143 377 1144 376 1145 378 1146 374 1147 6 1148 17 1149 11 1150 377 1151 380 1152 379 1153 383 1154 378 1155 12 1156 18 1157 17 1158 381 1159 672 1160 379 1161 378 1162 382 1163 384 1164 383 1165 386 1166 665 1167 675 1168 676 1169 382 1170 18 1171 22 1172 659 1173 673 1174 674 1175 383 1176 382 1177 385 1178 391 1179 387 1180 386 1181 392 1182 388 1183 387 1184 389 1185 385 1186 22 1187 33 1188 27 1189 388 1190 390 1191 386 1192 385 1193 392 1194 395 1195 391 1196 389 1197 28 1198 34 1199 33 1200 396 1201 392 1202 390 1203 389 1204 393 1205 391 1206 390 1207 394 1208 396 1209 399 1210 395 1211 393 1212 34 1213 40 1214 39 1215 400 1216 396 1217 394 1218 393 1219 397 1220 395 1221 394 1222 398 1223 397 1224 40 1225 46 1226 45 1227 404 1228 400 1229 398 1230 397 1231 401 1232 399 1233 398 1234 402 1235 400 1236 403 1237 399 1238 51 1239 408 1240 404 1241 402 1242 401 1243 405 1244 403 1245 402 1246 406 1247 404 1248 407 1249 403 1250 401 1251 46 1252 52 1253 411 1254 372 1255 373 1256 58 1257 0 1258 370 1259 412 1260 373 1261 5 1262 409 1263 370 1264 371 1265 410 1266 371 1267 372 1268 414 1269 410 1270 411 1271 411 1272 446 1273 447 1274 58 1275 409 1276 413 1277 447 1278 448 1279 415 1280 409 1281 410 1282 414 1283 416 1284 69 1285 70 1286 64 1287 413 1288 420 1289 413 1290 414 1291 419 1292 419 1293 414 1294 415 1295 418 1296 415 1297 416 1298 75 1299 420 1300 424 1301 417 1302 70 1303 76 1304 418 1305 417 1306 421 1307 420 1308 419 1309 423 1310 419 1311 418 1312 422 1313 427 1314 423 1315 422 1316 87 1317 81 1318 424 1319 423 1320 427 1321 679 1322 426 1323 422 1324 421 1325 425 1326 76 1327 421 1328 93 1329 87 1330 428 1331 432 1332 428 1333 427 1334 430 1335 426 1336 425 1337 429 1338 425 1339 82 1340 431 1341 427 1342 426 1343 99 1344 93 1345 432 1346 436 1347 432 1348 431 1349 434 1350 430 1351 429 1352 433 1353 429 1354 88 1355 435 1356 431 1357 430 1358 99 1359 436 1360 440 1361 436 1362 435 1363 439 1364 434 1365 433 1366 437 1367 433 1368 94 1369 100 1370 435 1371 434 1372 438 1373 444 1374 440 1375 439 1376 442 1377 438 1378 437 1379 441 1380 437 1381 100 1382 443 1383 439 1384 438 1385 111 1386 105 1387 440 1388 57 1389 406 1390 52 1391 445 1392 456 1393 450 1394 449 1395 454 1396 448 1397 453 1398 447 1399 446 1400 450 1401 455 1402 449 1403 454 1404 448 1405 447 1406 452 1407 446 1408 445 1409 456 1410 461 1411 455 1412 460 1413 454 1414 453 1415 458 1416 452 1417 451 1418 451 1419 462 1420 456 1421 455 1422 460 1423 454 1424 459 1425 453 1426 452 1427 457 1428 468 1429 462 1430 461 1431 466 1432 460 1433 465 1434 459 1435 458 1436 462 1437 467 1438 461 1439 466 1440 460 1441 459 1442 464 1443 458 1444 457 1445 464 1446 463 1447 469 1448 469 1449 468 1450 463 1451 473 1452 466 1453 467 1454 465 1455 464 1456 470 1457 474 1458 467 1459 468 1460 466 1461 465 1462 471 1463 480 1464 473 1465 474 1466 472 1467 477 1468 471 1469 469 1470 488 1471 474 1472 479 1473 472 1474 473 1475 471 1476 470 1477 476 1478 479 1479 485 1480 514 1481 477 1482 476 1483 482 1484 479 1485 480 1486 485 1487 477 1488 483 1489 478 1490 476 1491 475 1492 481 1493 415 1494 448 1495 416 1496 416 1497 449 1498 448 1499 63 1500 69 1501 449 1502 412 1503 63 1504 450 1505 445 1506 446 1507 412 1508 412 1509 446 1510 411 1511 491 1512 476 1513 492 1514 486 1515 487 1516 492 1517 486 1518 492 1519 476 1520 492 1521 487 1522 489 1523 475 1524 491 1525 476 1526 490 1527 474 1528 487 1529 487 1530 490 1531 489 1532 486 1533 469 1534 488 1535 469 1536 486 1537 470 1538 488 1539 487 1540 474 1541 474 1542 490 1543 480 1544 490 1545 491 1546 489 1547 480 1548 475 1549 490 1550 490 1551 491 1552 475 1553 491 1554 492 1555 489 1556 476 1557 470 1558 486 1559 494 1560 499 1561 493 1562 493 1563 503 1564 498 1565 501 1566 495 1567 494 1568 502 1569 496 1570 495 1571 499 1572 508 1573 503 1574 506 1575 501 1576 500 1577 507 1578 502 1579 501 1580 500 1581 499 1582 504 1583 504 1584 513 1585 508 1586 511 1587 506 1588 505 1589 512 1590 507 1591 506 1592 505 1593 509 1594 504 1595 493 1596 515 1597 494 1598 515 1599 494 1600 495 1601 497 1602 523 1603 496 1604 496 1605 497 1606 517 1607 502 1608 507 1609 518 1610 519 1611 518 1612 507 1613 497 1614 498 1615 503 1616 518 1617 503 1618 508 1619 519 1620 508 1621 513 1622 511 1623 519 1624 512 1625 475 1626 480 1627 481 1628 485 1629 480 1630 481 1631 514 1632 485 1633 515 1634 515 1635 516 1636 485 1637 484 1638 485 1639 516 1640 485 1641 484 1642 481 1643 478 1644 479 1645 498 1646 498 1647 514 1648 493 1649 522 1650 483 1651 482 1652 521 1653 482 1654 481 1655 484 1656 520 1657 481 1658 484 1659 516 1660 520 1661 522 1662 521 1663 526 1664 523 1665 478 1666 483 1667 483 1668 522 1669 527 1670 521 1671 520 1672 525 1673 527 1674 526 1675 531 1676 528 1677 524 1678 523 1679 524 1680 527 1681 532 1682 531 1683 526 1684 525 1685 532 1686 531 1687 536 1688 533 1689 529 1690 528 1691 529 1692 532 1693 537 1694 531 1695 530 1696 535 1697 537 1698 536 1699 541 1700 538 1701 533 1702 534 1703 534 1704 537 1705 542 1706 536 1707 535 1708 540 1709 542 1710 541 1711 546 1712 543 1713 538 1714 539 1715 544 1716 539 1717 542 1718 541 1719 540 1720 545 1721 547 1722 548 1723 543 1724 538 1725 549 1726 548 1727 540 1728 550 1729 535 1730 533 1731 550 1732 538 1733 535 1734 551 1735 530 1736 496 1737 528 1738 523 1739 528 1740 551 1741 533 1742 530 1743 496 1744 525 1745 516 1746 495 1747 525 1748 496 1749 525 1750 495 1751 498 1752 497 1753 478 1754 444 1755 443 1756 553 1757 111 1758 444 1759 554 1760 443 1761 442 1762 552 1763 554 1764 553 1765 556 1766 222 1767 554 1768 557 1769 553 1770 552 1771 555 1772 557 1773 556 1774 559 1775 230 1776 226 1777 557 1778 556 1779 555 1780 558 1781 560 1782 559 1783 562 1784 230 1785 560 1786 563 1787 562 1788 559 1789 558 1790 565 1791 442 1792 441 1793 441 1794 106 1795 235 1796 566 1797 565 1798 552 1799 566 1800 564 1801 235 1802 567 1803 555 1804 552 1805 567 1806 566 1807 238 1808 558 1809 555 1810 567 1811 568 1812 240 1813 567 1814 561 1815 558 1816 568 1817 569 1818 568 1819 242 1820 565 1821 566 1822 564 1823 442 1824 565 1825 552 1826 246 1827 569 1828 244 1829 246 1830 234 1831 563 1832 619 1833 622 1834 610 1835 619 1836 652 1837 654 1838 615 1839 625 1840 649 1841 655 1842 657 1843 585 1844 612 1845 661 1846 621 1847 661 1848 621 1849 662 1850 623 1851 613 1852 624 1853 634 1854 662 1855 621 1856 607 1857 608 1858 599 1859 596 1860 581 1861 589 1862 661 1863 616 1864 627 1865 589 1866 581 1867 580 1868 602 1869 579 1870 596 1871 608 1872 620 1873 621 1874 589 1875 594 1876 596 1877 602 1878 614 1879 616 1880 601 1881 597 1882 591 1883 588 1884 594 1885 591 1886 599 1887 600 1888 593 1889 628 1890 575 1891 577 1892 591 1893 592 1894 586 1895 574 1896 573 1897 634 1898 592 1899 593 1900 587 1901 573 1902 574 1903 578 1904 585 1905 584 1906 655 1907 600 1908 576 1909 612 1910 616 1911 576 1912 602 1913 655 1914 636 1915 664 1916 573 1917 578 1918 583 1919 635 1920 634 1921 573 1922 636 1923 573 1924 635 1925 593 1926 579 1927 600 1928 649 1929 660 1930 665 1931 631 1932 642 1933 637 1934 666 1935 656 1936 623 1937 652 1938 665 1939 666 1940 632 1941 647 1942 642 1943 657 1944 661 1945 627 1946 664 1947 635 1948 663 1949 648 1950 632 1951 643 1952 639 1953 644 1954 645 1955 661 1956 657 1957 633 1958 635 1959 663 1960 662 1961 631 1962 643 1963 632 1964 654 1965 623 1966 611 1967 658 1968 625 1969 659 1970 608 1971 612 1972 600 1973 598 1974 583 1975 578 1976 645 1977 641 1978 646 1979 638 1980 643 1981 644 1982 639 1983 631 1984 638 1985 657 1986 655 1987 647 1988 646 1989 637 1990 642 1991 651 1992 646 1993 653 1994 617 1995 620 1996 608 1997 629 1998 630 1999 621 2000 618 2001 649 2002 652 2003 624 2004 615 2005 625 2006 574 2007 630 2008 578 2009 575 2010 628 2011 617 2012 596 2013 601 2014 602 2015 626 2016 617 2017 607 2018 628 2019 629 2020 620 2021 616 2022 626 2023 627 2024 627 2025 575 2026 585 2027 629 2028 577 2029 578 2030 653 2031 642 2032 647 2033 614 2034 607 2035 597 2036 574 2037 634 2038 630 2039 643 2040 648 2041 650 2042 669 2043 668 2044 598 2045 650 2046 662 2047 663 2048 664 2049 647 2050 655 2051 663 2052 653 2053 664 2054 572 2055 610 2056 570 2057 583 2058 669 2059 598 2060 603 2061 583 2062 669 2063 570 2064 603 2065 571 2066 572 2067 571 2068 667 2069 571 2070 670 2071 669 2072 598 2073 668 2074 595 2075 667 2076 571 2077 670 2078 584 2079 583 2080 573 2081 668 2082 595 2083 667 2084 595 2085 598 2086 578 2087 590 2088 585 2089 575 2090 590 2091 595 2092 577 2093 355 2094 354 2095 672 2096 572 2097 667 2098 595 2099 669 2100 603 2101 571 2102 610 2103 572 2104 609 2105 648 2106 661 2107 662 2108 669 2109 670 2110 668 2111 595 2112 609 2113 572 2114 644 2115 650 2116 651 2117 668 2118 667 2119 670 2120 597 2121 599 2122 592 2123 610 2124 622 2125 611 2126 605 2127 590 2128 606 2129 584 2130 605 2131 604 2132 625 2133 659 2134 660 2135 610 2136 603 2137 570 2138 584 2139 573 2140 636 2141 606 2142 609 2143 595 2144 618 2145 619 2146 609 2147 583 2148 604 2149 603 2150 615 2151 606 2152 618 2153 604 2154 615 2155 613 2156 603 2157 613 2158 611 2159 656 2160 624 2161 658 2162 660 2163 674 2164 675 2165 671 2166 658 2167 672 2168 676 2169 671 2170 656 2171 672 2172 659 2173 673 2174 673 2175 381 2176 672 2177 381 2178 380 2179 674 2180 384 2181 675 2182 674 2183 676 2184 387 2185 388 2186 387 2187 676 2188 675 2189 355 2190 388 2191 27 2192 677 2193 679 2194 683 2195 682 2196 677 2197 681 2198 681 2199 683 2200 685 2201 680 2202 428 2203 424 2204 682 2205 681 2206 685 2207 678 2208 677 2209 682 2210 684 2211 680 2212 678 2213 685 2214 684 2215 682 2216 684 2217 685 2218 686 2219 683 2220 686 2221 685 2222 687 2223 680 2224 684 2225 687 2226 686 2227 688 2228 683 2229 679 2230 688 2231 690 2232 688 2233 679 2234 690 2235 689 2236 687 2237 689 2238 428 2239 680 2240 427 2241 428 2242 689 2243 4 2244 11 2245 10 2246 1 2247 8 2248 7 2249 2 2250 9 2251 8 2252 3 2253 10 2254 9 2255 0 2256 7 2257 6 2258 7 2259 14 2260 13 2261 8 2262 15 2263 14 2264 9 2265 16 2266 15 2267 6 2268 13 2269 12 2270 10 2271 17 2272 16 2273 15 2274 20 2275 14 2276 13 2277 18 2278 12 2279 349 2280 17 2281 354 2282 14 2283 19 2284 13 2285 21 2286 24 2287 20 2288 353 2289 342 2290 343 2291 19 2292 22 2293 18 2294 351 2295 336 2296 337 2297 20 2298 23 2299 19 2300 24 2301 31 2302 30 2303 25 2304 32 2305 31 2306 22 2307 29 2308 28 2309 26 2310 33 2311 32 2312 23 2313 30 2314 29 2315 32 2316 31 2317 37 2318 29 2319 34 2320 28 2321 33 2322 32 2323 38 2324 30 2325 35 2326 29 2327 31 2328 36 2329 30 2330 38 2331 37 2332 43 2333 35 2334 40 2335 34 2336 39 2337 38 2338 44 2339 36 2340 41 2341 35 2342 37 2343 42 2344 36 2345 41 2346 46 2347 40 2348 45 2349 44 2350 50 2351 42 2352 47 2353 41 2354 43 2355 48 2356 42 2357 44 2358 43 2359 49 2360 51 2361 50 2362 56 2363 48 2364 53 2365 47 2366 49 2367 54 2368 48 2369 50 2370 49 2371 55 2372 47 2373 52 2374 46 2375 4 2376 61 2377 62 2378 1 2379 58 2380 59 2381 5 2382 62 2383 63 2384 2 2385 59 2386 60 2387 3 2388 60 2389 61 2390 61 2391 66 2392 67 2393 61 2394 114 2395 113 2396 58 2397 65 2398 59 2399 59 2400 66 2401 60 2402 68 2403 70 2404 69 2405 64 2406 74 2407 65 2408 65 2409 73 2410 66 2411 67 2412 73 2413 72 2414 68 2415 72 2416 71 2417 75 2418 80 2419 74 2420 71 2421 76 2422 70 2423 72 2424 77 2425 71 2426 74 2427 79 2428 73 2429 73 2430 78 2431 72 2432 78 2433 85 2434 84 2435 80 2436 87 2437 86 2438 79 2439 358 2440 85 2441 77 2442 84 2443 83 2444 76 2445 82 2446 83 2447 86 2448 93 2449 92 2450 85 2451 92 2452 91 2453 83 2454 90 2455 89 2456 82 2457 89 2458 88 2459 84 2460 91 2461 90 2462 92 2463 99 2464 98 2465 91 2466 98 2467 97 2468 89 2469 96 2470 95 2471 88 2472 94 2473 95 2474 90 2475 97 2476 96 2477 99 2478 104 2479 98 2480 98 2481 103 2482 97 2483 96 2484 101 2485 95 2486 95 2487 100 2488 94 2489 97 2490 102 2491 96 2492 103 2493 110 2494 109 2495 101 2496 108 2497 107 2498 100 2499 107 2500 106 2501 102 2502 109 2503 108 2504 104 2505 111 2506 110 2507 54 2508 52 2509 53 2510 52 2511 54 2512 57 2513 57 2514 54 2515 56 2516 112 2517 117 2518 123 2519 116 2520 115 2521 121 2522 113 2523 120 2524 119 2525 117 2526 116 2527 122 2528 114 2529 121 2530 120 2531 112 2532 119 2533 118 2534 123 2535 122 2536 128 2537 120 2538 127 2539 126 2540 118 2541 125 2542 124 2543 118 2544 123 2545 129 2546 122 2547 121 2548 127 2549 119 2550 126 2551 125 2552 124 2553 129 2554 135 2555 128 2556 127 2557 133 2558 125 2559 132 2560 131 2561 129 2562 128 2563 134 2564 126 2565 133 2566 132 2567 124 2568 131 2569 130 2570 131 2571 136 2572 130 2573 135 2574 141 2575 136 2576 133 2577 139 2578 140 2579 132 2580 137 2581 131 2582 134 2583 140 2584 141 2585 133 2586 138 2587 132 2588 140 2589 146 2590 147 2591 139 2592 138 2593 144 2594 139 2595 145 2596 146 2597 138 2598 143 2599 137 2600 144 2601 149 2602 143 2603 143 2604 148 2605 142 2606 68 2607 115 2608 116 2609 116 2610 63 2611 117 2612 117 2613 112 2614 62 2615 153 2616 159 2617 154 2618 161 2619 160 2620 166 2621 160 2622 165 2623 170 2624 161 2625 168 2626 167 2627 162 2628 169 2629 168 2630 166 2631 170 2632 175 2633 167 2634 173 2635 172 2636 168 2637 174 2638 173 2639 167 2640 171 2641 166 2642 171 2643 175 2644 180 2645 172 2646 178 2647 177 2648 173 2649 179 2650 178 2651 172 2652 171 2653 176 2654 160 2655 161 2656 182 2657 162 2658 182 2659 183 2660 164 2661 163 2662 190 2663 184 2664 163 2665 169 2666 185 2667 169 2668 184 2669 186 2670 174 2671 185 2672 164 2673 170 2674 165 2675 170 2676 184 2677 185 2678 175 2679 185 2680 186 2681 177 2682 186 2683 176 2684 176 2685 186 2686 180 2687 186 2688 178 2689 179 2690 165 2691 160 2692 181 2693 149 2694 189 2695 188 2696 148 2697 188 2698 187 2699 189 2700 193 2701 188 2702 150 2703 191 2704 190 2705 150 2706 194 2707 189 2708 188 2709 192 2710 187 2711 194 2712 198 2713 193 2714 191 2715 196 2716 195 2717 191 2718 199 2719 194 2720 192 2721 198 2722 197 2723 199 2724 203 2725 198 2726 196 2727 200 2728 201 2729 196 2730 204 2731 199 2732 198 2733 202 2734 197 2735 204 2736 208 2737 203 2738 201 2739 205 2740 206 2741 201 2742 209 2743 204 2744 203 2745 207 2746 202 2747 209 2748 213 2749 208 2750 206 2751 210 2752 211 2753 209 2754 211 2755 214 2756 208 2757 212 2758 207 2759 211 2760 212 2761 214 2762 214 2763 212 2764 213 2765 212 2766 207 2767 216 2768 211 2769 215 2770 212 2771 212 2772 215 2773 216 2774 216 2775 217 2776 205 2777 210 2778 216 2779 215 2780 217 2781 216 2782 207 2783 200 2784 205 2785 217 2786 218 2787 217 2788 202 2789 218 2790 163 2791 195 2792 197 2793 192 2794 163 2795 192 2796 183 2797 187 2798 110 2799 220 2800 109 2801 111 2802 221 2803 110 2804 109 2805 219 2806 108 2807 221 2808 224 2809 220 2810 222 2811 225 2812 221 2813 220 2814 223 2815 219 2816 225 2817 228 2818 224 2819 225 2820 230 2821 229 2822 224 2823 227 2824 223 2825 229 2826 232 2827 228 2828 230 2829 233 2830 229 2831 227 2832 232 2833 231 2834 107 2835 237 2836 236 2837 107 2838 235 2839 106 2840 235 2841 239 2842 238 2843 219 2844 241 2845 239 2846 238 2847 241 2848 240 2849 227 2850 241 2851 223 2852 240 2853 242 2854 243 2855 231 2856 243 2857 227 2858 242 2859 245 2860 244 2861 246 2862 245 2863 232 2864 232 2865 245 2866 231 2867 233 2868 246 2869 232 2870 296 2871 287 2872 299 2873 331 2874 296 2875 299 2876 326 2877 292 2878 295 2879 289 2880 298 2881 338 2882 300 2883 301 2884 290 2885 298 2886 311 2887 307 2888 284 2889 276 2890 285 2891 257 2892 256 2893 273 2894 266 2895 258 2896 257 2897 265 2898 264 2899 259 2900 259 2901 264 2902 263 2903 264 2904 270 2905 257 2906 265 2907 264 2908 258 2909 264 2910 258 2911 257 2912 279 2913 273 2914 256 2915 298 2916 285 2917 289 2918 271 2919 265 2920 266 2921 291 2922 278 2923 279 2924 278 2925 268 2926 274 2927 268 2928 265 2929 259 2930 276 2931 270 2932 277 2933 254 2934 305 2935 306 2936 268 2937 263 2938 269 2939 269 2940 264 2941 270 2942 253 2943 256 2944 277 2945 253 2946 338 2947 293 2948 332 2949 341 2950 313 2951 256 2952 257 2953 270 2954 342 2955 326 2956 329 2957 319 2958 309 2959 308 2960 343 2961 300 2962 333 2963 343 2964 329 2965 331 2966 324 2967 310 2968 309 2969 334 2970 304 2971 338 2972 341 2973 340 2974 312 2975 309 2976 310 2977 325 2978 322 2979 316 2980 317 2981 310 2982 338 2983 325 2984 339 2985 312 2986 311 2987 308 2988 309 2989 320 2990 331 2991 288 2992 300 2993 335 2994 336 2995 302 2996 285 2997 277 2998 289 2999 322 3000 323 3001 318 3002 321 3003 315 3004 316 3005 317 3006 308 3007 318 3008 318 3009 308 3010 314 3011 308 3012 316 3013 315 3014 334 3015 324 3016 332 3017 323 3018 319 3019 314 3020 328 3021 330 3022 323 3023 294 3024 285 3025 297 3026 306 3027 298 3028 307 3029 329 3030 295 3031 296 3032 301 3033 302 3034 292 3035 252 3036 294 3037 305 3038 278 3039 271 3040 273 3041 303 3042 284 3043 294 3044 305 3045 297 3046 306 3047 303 3048 291 3049 293 3050 252 3051 303 3052 304 3053 255 3054 306 3055 307 3056 330 3057 324 3058 319 3059 291 3060 274 3061 284 3062 327 3063 320 3064 321 3065 340 3066 327 3067 328 3068 341 3069 332 3070 324 3071 340 3072 341 3073 330 3074 249 3075 344 3076 248 3077 272 3078 255 3079 275 3080 267 3081 254 3082 272 3083 349 3084 355 3085 348 3086 339 3087 325 3088 327 3089 328 3090 321 3091 322 3092 274 3093 269 3094 276 3095 288 3096 287 3097 280 3098 282 3099 283 3100 267 3101 282 3102 262 3103 261 3104 337 3105 302 3106 326 3107 283 3108 272 3109 286 3110 295 3111 286 3112 296 3113 281 3114 261 3115 260 3116 292 3117 295 3118 283 3119 292 3120 282 3121 281 3122 290 3123 281 3124 280 3125 333 3126 335 3127 301 3128 352 3129 337 3130 342 3131 348 3132 349 3133 335 3134 353 3135 333 3136 348 3137 349 3138 350 3139 336 3140 351 3141 16 3142 350 3143 21 3144 351 3145 352 3146 25 3147 352 3148 353 3149 348 3150 26 3151 353 3152 26 3153 355 3154 27 3155 356 3156 362 3157 358 3158 357 3159 356 3160 79 3161 80 3162 359 3163 357 3164 79 3165 80 3166 357 3167 357 3168 363 3169 361 3170 363 3171 366 3172 365 3173 362 3174 367 3175 358 3176 369 3177 358 3178 367 3179 369 3180 366 3181 368 3182 359 3183 368 3184 366 3185 85 3186 368 3187 86 3188 11 3189 373 3190 377 3191 375 3192 370 3193 374 3194 376 3195 371 3196 375 3197 377 3198 372 3199 376 3200 374 3201 0 3202 6 3203 379 3204 374 3205 378 3206 380 3207 375 3208 379 3209 381 3210 376 3211 380 3212 378 3213 6 3214 12 3215 17 3216 377 3217 381 3218 380 3219 383 3220 384 3221 378 3222 18 3223 382 3224 17 3225 672 3226 354 3227 379 3228 382 3229 383 3230 384 3231 386 3232 387 3233 665 3234 676 3235 666 3236 382 3237 22 3238 385 3239 659 3240 674 3241 660 3242 383 3243 385 3244 386 3245 391 3246 386 3247 390 3248 392 3249 387 3250 391 3251 389 3252 22 3253 28 3254 33 3255 388 3256 392 3257 390 3258 385 3259 389 3260 392 3261 396 3262 395 3263 389 3264 34 3265 393 3266 33 3267 39 3268 396 3269 390 3270 393 3271 394 3272 391 3273 394 3274 395 3275 396 3276 400 3277 399 3278 393 3279 40 3280 397 3281 39 3282 45 3283 400 3284 394 3285 397 3286 398 3287 395 3288 398 3289 399 3290 397 3291 46 3292 401 3293 45 3294 51 3295 404 3296 398 3297 401 3298 402 3299 399 3300 402 3301 403 3302 400 3303 404 3304 403 3305 51 3306 57 3307 408 3308 402 3309 405 3310 406 3311 403 3312 406 3313 407 3314 404 3315 408 3316 407 3317 401 3318 52 3319 405 3320 411 3321 373 3322 412 3323 58 3324 370 3325 409 3326 412 3327 5 3328 63 3329 409 3330 371 3331 410 3332 410 3333 372 3334 411 3335 414 3336 411 3337 415 3338 411 3339 447 3340 415 3341 58 3342 413 3343 64 3344 409 3345 414 3346 413 3347 416 3348 70 3349 417 3350 64 3351 420 3352 75 3353 413 3354 419 3355 420 3356 419 3357 415 3358 418 3359 418 3360 416 3361 417 3362 75 3363 424 3364 81 3365 417 3366 76 3367 421 3368 418 3369 421 3370 422 3371 420 3372 423 3373 424 3374 419 3375 422 3376 423 3377 427 3378 422 3379 426 3380 87 3381 424 3382 428 3383 423 3384 679 3385 677 3386 426 3387 421 3388 425 3389 425 3390 82 3391 76 3392 93 3393 428 3394 432 3395 432 3396 427 3397 431 3398 430 3399 425 3400 429 3401 429 3402 82 3403 88 3404 431 3405 426 3406 430 3407 99 3408 432 3409 436 3410 436 3411 431 3412 435 3413 434 3414 429 3415 433 3416 433 3417 94 3418 88 3419 435 3420 430 3421 434 3422 99 3423 440 3424 105 3425 436 3426 439 3427 440 3428 434 3429 437 3430 438 3431 433 3432 100 3433 437 3434 435 3435 438 3436 439 3437 444 3438 439 3439 443 3440 442 3441 437 3442 441 3443 441 3444 100 3445 106 3446 443 3447 438 3448 442 3449 111 3450 440 3451 444 3452 52 3453 406 3454 405 3455 406 3456 408 3457 407 3458 408 3459 406 3460 57 3461 445 3462 451 3463 456 3464 449 3465 455 3466 454 3467 453 3468 446 3469 452 3470 450 3471 456 3472 455 3473 454 3474 447 3475 453 3476 452 3477 445 3478 451 3479 456 3480 462 3481 461 3482 460 3483 453 3484 459 3485 458 3486 451 3487 457 3488 451 3489 457 3490 462 3491 455 3492 461 3493 460 3494 459 3495 452 3496 458 3497 457 3498 463 3499 468 3500 461 3501 467 3502 466 3503 465 3504 458 3505 464 3506 462 3507 468 3508 467 3509 466 3510 459 3511 465 3512 464 3513 457 3514 463 3515 464 3516 469 3517 470 3518 469 3519 474 3520 468 3521 473 3522 472 3523 466 3524 465 3525 470 3526 471 3527 474 3528 473 3529 467 3530 466 3531 471 3532 472 3533 480 3534 479 3535 473 3536 472 3537 478 3538 477 3539 479 3540 478 3541 472 3542 471 3543 476 3544 477 3545 477 3546 482 3547 483 3548 476 3549 481 3550 482 3551 416 3552 449 3553 69 3554 63 3555 449 3556 450 3557 412 3558 445 3559 450 3560 486 3561 488 3562 487 3563 494 3564 500 3565 499 3566 493 3567 499 3568 503 3569 501 3570 494 3571 500 3572 502 3573 495 3574 501 3575 499 3576 504 3577 508 3578 506 3579 500 3580 505 3581 507 3582 501 3583 506 3584 500 3585 504 3586 505 3587 504 3588 509 3589 513 3590 511 3591 505 3592 510 3593 512 3594 506 3595 511 3596 505 3597 509 3598 510 3599 493 3600 514 3601 515 3602 515 3603 495 3604 516 3605 497 3606 523 3607 478 3608 496 3609 517 3610 502 3611 502 3612 518 3613 517 3614 519 3615 507 3616 512 3617 497 3618 503 3619 517 3620 518 3621 517 3622 503 3623 519 3624 518 3625 508 3626 513 3627 519 3628 509 3629 509 3630 519 3631 510 3632 510 3633 519 3634 511 3635 498 3636 479 3637 514 3638 522 3639 482 3640 521 3641 521 3642 481 3643 520 3644 522 3645 526 3646 527 3647 523 3648 524 3649 483 3650 483 3651 527 3652 524 3653 521 3654 525 3655 526 3656 527 3657 531 3658 532 3659 528 3660 529 3661 524 3662 524 3663 532 3664 529 3665 531 3666 525 3667 530 3668 532 3669 536 3670 537 3671 533 3672 529 3673 534 3674 529 3675 537 3676 534 3677 531 3678 535 3679 536 3680 537 3681 541 3682 542 3683 538 3684 534 3685 539 3686 534 3687 542 3688 539 3689 536 3690 540 3691 541 3692 542 3693 546 3694 547 3695 543 3696 539 3697 544 3698 544 3699 542 3700 547 3701 541 3702 545 3703 546 3704 549 3705 540 3706 545 3707 545 3708 547 3709 546 3710 547 3711 543 3712 544 3713 549 3714 548 3715 545 3716 545 3717 548 3718 547 3719 538 3720 550 3721 549 3722 548 3723 538 3724 543 3725 540 3726 549 3727 550 3728 533 3729 551 3730 550 3731 535 3732 550 3733 551 3734 528 3735 496 3736 551 3737 530 3738 551 3739 496 3740 516 3741 525 3742 520 3743 444 3744 553 3745 554 3746 111 3747 554 3748 222 3749 443 3750 552 3751 553 3752 554 3753 556 3754 557 3755 222 3756 557 3757 226 3758 553 3759 555 3760 556 3761 557 3762 559 3763 560 3764 230 3765 557 3766 560 3767 556 3768 558 3769 559 3770 560 3771 562 3772 563 3773 230 3774 563 3775 234 3776 562 3777 558 3778 561 3779 565 3780 441 3781 564 3782 441 3783 235 3784 564 3785 566 3786 235 3787 238 3788 567 3789 552 3790 566 3791 567 3792 238 3793 240 3794 558 3795 567 3796 568 3797 568 3798 242 3799 240 3800 561 3801 568 3802 569 3803 569 3804 242 3805 244 3806 561 3807 569 3808 562 3809 562 3810 569 3811 246 3812 246 3813 563 3814 562 3815 619 3816 610 3817 609 3818 619 3819 654 3820 622 3821 615 3822 649 3823 618 3824 612 3825 576 3826 661 3827 623 3828 611 3829 613 3830 634 3831 621 3832 630 3833 607 3834 599 3835 597 3836 596 3837 579 3838 580 3839 596 3840 580 3841 581 3842 580 3843 593 3844 587 3845 587 3846 582 3847 586 3848 580 3849 589 3850 587 3851 587 3852 588 3853 582 3854 587 3855 588 3856 589 3857 602 3858 576 3859 579 3860 608 3861 621 3862 612 3863 589 3864 588 3865 594 3866 602 3867 601 3868 614 3869 601 3870 591 3871 594 3872 588 3873 591 3874 582 3875 599 3876 593 3877 592 3878 628 3879 577 3880 629 3881 591 3882 586 3883 582 3884 592 3885 587 3886 586 3887 600 3888 579 3889 576 3890 616 3891 661 3892 576 3893 655 3894 584 3895 636 3896 593 3897 580 3898 579 3899 649 3900 665 3901 652 3902 631 3903 632 3904 642 3905 666 3906 623 3907 654 3908 652 3909 666 3910 654 3911 632 3912 633 3913 647 3914 657 3915 627 3916 585 3917 664 3918 636 3919 635 3920 648 3921 633 3922 632 3923 639 3924 645 3925 640 3926 661 3927 633 3928 648 3929 635 3930 662 3931 634 3932 631 3933 643 3934 638 3935 654 3936 611 3937 622 3938 658 3939 624 3940 625 3941 608 3942 600 3943 599 3944 645 3945 641 3946 640 3947 638 3948 644 3949 639 3950 637 3951 631 3952 641 3953 641 3954 631 3955 640 3956 640 3957 631 3958 639 3959 657 3960 647 3961 633 3962 646 3963 641 3964 637 3965 651 3966 645 3967 646 3968 617 3969 608 3970 607 3971 629 3972 621 3973 620 3974 618 3975 652 3976 619 3977 624 3978 613 3979 615 3980 575 3981 617 3982 626 3983 596 3984 594 3985 601 3986 626 3987 607 3988 614 3989 628 3990 620 3991 617 3992 616 3993 614 3994 626 3995 627 3996 626 3997 575 3998 629 3999 578 4000 630 4001 653 4002 646 4003 642 4004 614 4005 597 4006 601 4007 643 4008 650 4009 644 4010 650 4011 663 4012 651 4013 664 4014 653 4015 647 4016 663 4017 651 4018 653 4019 572 4020 570 4021 571 4022 595 4023 578 4024 577 4025 590 4026 577 4027 575 4028 355 4029 672 4030 671 4031 648 4032 662 4033 650 4034 644 4035 651 4036 645 4037 597 4038 592 4039 591 4040 610 4041 611 4042 603 4043 605 4044 585 4045 590 4046 584 4047 585 4048 605 4049 625 4050 660 4051 649 4052 606 4053 595 4054 590 4055 618 4056 609 4057 606 4058 583 4059 584 4060 604 4061 615 4062 605 4063 606 4064 604 4065 605 4066 615 4067 603 4068 604 4069 613 4070 656 4071 623 4072 624 4073 660 4074 675 4075 665 4076 671 4077 656 4078 658 4079 676 4080 656 4081 666 4082 672 4083 658 4084 659 4085 381 4086 674 4087 673 4088 384 4089 674 4090 380 4091 387 4092 675 4093 384 4094 388 4095 671 4096 676 4097 671 4098 388 4099 355 4100 677 4101 683 4102 681 4103 678 4104 423 4105 677 4106 680 4107 424 4108 678 4109 424 4110 423 4111 678 4112 684 4113 678 4114 682 4115 687 4116 684 4117 686 4118 683 4119 688 4120 686 4121 690 4122 679 4123 427 4124 690 4125 687 4126 688 4127 689 4128 680 4129 687 4130 427 4131 689 4132 690 4133</p>
        </triangles>
      </mesh>
      <extra>
        <technique profile="BLENDER028">
          <layer_names>
            <name name="Mappa UV" refid="IID-_0003" type="UV" />
          </layer_names>
        </technique>
      </extra>
    </geometry>
  </library_geometries>
  <library_materials>
    <material id="MA-Material" name="Material">
      <instance_effect url="#IID-_0004" />
    </material>
  </library_materials>
  <library_visual_scenes>
    <visual_scene id="SCE-main">
      <node>
        <matrix>-1.0 8.742278e-08 -1.0425062e-15 0.0 0.0 1.1924881e-08 1.0 0.0 8.742278e-08 1.0 -1.1924881e-08 1.38 0.0 0.0 0.0 1.0</matrix>
        <instance_geometry url="#ME-Cerchio">
          <bind_material>
            <technique_common>
              <instance_material symbol="slot000" target="#MA-Material">
                <bind_vertex_input semantic="ACTIVE_UV" input_semantic="TEXCOORD" input_set="0" />
              </instance_material>
            </technique_common>
          </bind_material>
        </instance_geometry>
      </node>
      <node id="EM-Empty" name="EM-Empty">
        <matrix>-4.371139e-08 4.371139e-08 1.0 0.0 1.0 1.9106857e-15 4.371139e-08 0.0 0.0 1.0 -4.371139e-08 1.38 0.0 0.0 0.0 1.0</matrix>
      </node>
    </visual_scene>
  </library_visual_scenes>
  <scene>
    <instance_visual_scene url="#SCE-main" />
  </scene>
  <extra>
    <technique profile="BLENDER028">
      <id_prefixes>
        <prefix name="CAMERA" value="CA-" />
        <prefix name="EMPTY" value="EM-" />
        <prefix name="LAMP" value="LA-" />
        <prefix name="MATERIAL" value="MA-" />
        <prefix name="MESH" value="ME-" />
        <prefix name="SCENE" value="SCE-" />
      </id_prefixes>
    </technique>
  </extra>
</COLLADA>
