<COLLADA xmlns="http://www.collada.org/2005/11/COLLADASchema" version="1.4.1">
  <asset>
    <created>2026-09-18T12:45:57.321998</created>
    <modified>2026-09-18T12:45:57.322005</modified>
    <unit name="metre" meter="1.0" />
    <up_axis>Z_UP</up_axis>
  </asset>
  <library_effects>
    <effect id="IID-_0004" name="IID-_0004">
      <profile_COMMON>
        <technique sid="common">
          <phong>
            <emission>
              <color>0.0 0.0 0.0 1.0</color>
            </emission>
            <ambient>
              <color>0.0 0.0 0.0 1.0</color>
            </ambient>
            <diffuse>
              <color>0.800000011920929 0.800000011920929 0.800000011920929 1.0</color>
            </diffuse>
            <specular>
              <color>0.0 0.0 0.0 1.0</color>
            </specular>
            <shininess>
              <float>0.0</float>
            </shininess>
            <reflective>
              <color>1 1 1 1.0</color>
            </reflective>
            <reflectivity>
              <float>0.5</float>
            </reflectivity>
            <transparent>
              <color>0.0 0.0 0.0 1.0</color>
            </transparent>
            <transparency>
              <float>1.0</float>
            </transparency>
          </phong>
        </technique>
        <extra>
          <technique profile="GOOGLEEARTH">
            <double_sided>1</double_sided>
          </technique>
        </extra>
      </profile_COMMON>
    </effect>
  </library_effects>
  <library_geometries>
    <geometry id="ME-Cerchio" name="ME-Cerchio">
      <mesh>
        <source id="IID-_0001">
          <float_array count="1491" id="IID-_0001-array">0 1.095612 0.01510779 -0.4321043 0.9552132 0.01510779 -0.6991593 0.5876436 0.01510779 -0.6991593 0.1333027 0.01510779 -0.4321043 -0.2342669 0.01510779 0 -0.374666 0.01510779 0 1.146056 0.6479027 -0.4617544 0.996023 0.6479027 -0.7471341 0.6032316 0.6479027 -0.7471341 0.1177147 0.6479027 -0.4617544 -0.2750767 0.6479027 0 -0.4251097 0.6479027 0 1.05247 1.270962 -0.4010234 0.9221693 1.270962 -0.6488693 0.5810387 1.270962 -0.6488693 0.1593782 1.270962 -0.4010234 -0.1817524 1.270962 0 -0.3120527 1.270962 0 0.9356459 1.582492 -0.4010234 0.8053456 1.582492 -0.6488693 0.464215 1.582492 -0.6488693 0.04255448 1.582492 0 0.6646147 1.95676 -0.2687371 0.5772968 1.95676 -0.4348255 0.3486957 1.95676 -0.4348255 0.06612927 1.95676 -0.2687371 -0.1624717 1.95676 0 -0.2497896 1.95676 0 0.3952065 2.117831 -0.03922552 0.3825303 2.116508 -0.06346799 0.3493438 2.113044 -0.06346799 0.308323 2.108761 -0.03922552 0.2751365 2.105297 0 0.2624604 2.103973 -0.0304139 0.1946632 2.174814 -0.01076968 0.1901247 2.132027 -0.02431981 0.04278501 2.166876 -0.0243198 0.04886311 2.100206 0.01136018 -0.0328209 2.154208 -0.02974122 -0.03160843 2.140909 -0.01982748 -0.02716896 2.092213 0 -0.08310505 2.105239 0 1.071339 -0.228275 -0.4456536 0.9265379 -0.228275 -0.7210826 0.5474426 -0.228275 -0.7212893 0.05456784 -0.2747722 -0.4456536 -0.3002404 -0.228275 0 -0.445042 -0.228275 0 0.9898237 -0.7015193 -0.3937661 0.8618815 -0.7015193 -0.6371269 0.5269243 -0.7015193 -0.6370447 0.1284941 -0.7328711 -0.3513807 -0.1812259 -0.7602354 0 -0.3500051 -0.7015193 0 -0.2153803 -0.9548026 -0.2982019 -0.1221872 -0.9813175 -0.4825008 0.1217954 -1.050734 -0.4825008 0.4233744 -1.136538 -0.2982019 0.6673569 -1.205954 0 0.76055 -1.232469 0 -0.1571704 -1.147387 -0.2406737 -0.09015799 -1.187692 -0.3894181 0.08528262 -1.293212 -0.3894181 0.3021391 -1.423643 -0.2406737 0.4775796 -1.529163 0 0.5445919 -1.569468 0 -0.2712806 -1.250138 -0.2648425 -0.1975387 -1.294491 -0.4285243 -0.004479989 -1.410608 -0.4285243 0.2341536 -1.554137 -0.2648425 0.4272123 -1.670254 0 0.500954 -1.714607 0 -0.317223 -1.402707 -0.2245489 -0.2637581 -1.452353 -0.3633277 -0.1237853 -1.582327 -0.3633277 0.04923056 -1.742985 -0.2245489 0.1892033 -1.872959 0 0.242668 -1.922605 0 -0.4219559 -1.512557 -0.1870566 -0.3861479 -1.561666 -0.3026638 -0.2924011 -1.690238 -0.3026638 -0.1765238 -1.849161 -0.1870566 -0.08277708 -1.977732 0 -0.04696909 -2.026842 0 -0.5260213 -1.643323 -0.1616026 -0.4950858 -1.68575 -0.2614785 -0.4140958 -1.796826 -0.2614785 -0.3139866 -1.934123 -0.1616026 -0.2329966 -2.045199 0 -0.2020612 -2.087626 0 -0.6115065 -1.734223 -0.1355542 -0.5911441 -1.773277 -0.2193312 -0.5378346 -1.875523 -0.2193312 -0.4719407 -2.001907 -0.1355542 -0.4186314 -2.104153 0 -0.3976175 -2.143208 -0.4396408 -0.4607441 -0.2316055 -0.6465763 -0.4377693 -0.3488601 -0.6465763 -0.3892397 -0.5828339 -0.4396408 -0.3636848 -0.6995532 -0.2327048 -0.3866595 -0.5822988 -0.2327048 -0.4351892 -0.3483248 -0.4396408 -0.6865132 -0.2908 -0.5770953 -0.6712524 -0.3686849 -0.5770953 -0.6390172 -0.5240993 -0.4396408 -0.6220427 -0.6016287 -0.302186 -0.6373034 -0.5237438 -0.302186 -0.6695386 -0.3683293 -0.4396407 -0.9530476 -0.3410479 -0.5369359 -0.9422455 -0.3961776 -0.5369359 -0.9194282 -0.5061853 -0.4396407 -0.9074131 -0.5610633 -0.3423454 -0.9182151 -0.5059337 -0.3423454 -0.9410324 -0.3959259 -0.4396407 -1.090725 -0.3783668 -0.5253386 -1.08121 -0.4269252 -0.5253386 -1.061113 -0.5238203 -0.4396407 -1.05053 -0.5721571 -0.3539427 -1.060044 -0.5235987 -0.3539427 -1.080142 -0.4267035 -0.4396408 -1.239182 -0.3979617 -0.5561146 -1.222188 -0.4630307 -0.5561146 -1.186767 -0.592778 -0.4396408 -1.168342 -0.6574563 -0.3231667 -1.185336 -0.5923874 -0.3231667 -1.220757 -0.46264 -0.5489349 -1.26543 -0.563843 -0.5489349 -1.232193 -0.6855924 -0.4416914 -1.229229 -0.7312137 -0.3303464 -1.230851 -0.685226 -0.3303464 -1.264087 -0.5634764 -0.5485042 -1.313568 -0.6160257 -0.5111457 -1.282286 -0.7263618 -0.4041006 -1.36614 -0.612841 -0.3097394 -1.311473 -0.6084456 -0.4997036 -1.314711 -0.444125 -0.4204839 -1.382897 -0.4665075 -0.407917 -1.283589 -0.4206803 -0.4954876 -1.368551 -0.4901667 -0.3096435 -1.32475 -0.7702907 -0.3392624 -1.374206 -0.7813478 -0.3979595 -1.373902 -0.7812797 -0.4447671 -1.305992 -0.7816833 -0.3994907 -1.261294 -0.7731741 -0.3358957 -1.267426 -0.7608602 -0.3399954 -1.346563 -0.8648301 -0.3734152 -1.360679 -0.8628024 -0.3096435 -1.322164 -0.7153075 -0.3392624 -1.370651 -0.7005681 -0.3979595 -1.370352 -0.7006589 -0.366232 -1.324892 -0.8656335 -0.4285371 -1.377617 -0.6811872 -0.4997088 -1.362019 -0.6768757 -0.5104767 -1.325335 -0.7022688 -0.4609287 -1.265482 -0.7573237 -0.508727 -1.301434 -0.7645244 -0.451876 -1.373179 -0.7534125 -0.5045614 -1.349145 -0.7522902 -0.4650042 -1.284011 -0.8085791 -0.4574153 -1.374291 -0.8053005 -0.502745 -1.340812 -0.8077783 -0.4828073 -1.352211 -0.8662392 -0.1610655 -0.6154284 -1.967219 -0.1610655 -0.5853641 -2.071956 -0.09701601 -0.5610416 -2.156691 0 -0.5517459 -2.189057 -0.1107289 -0.7266936 -2.039725 -0.1174588 -0.6914759 -2.122627 -0.07000975 -0.6670226 -2.183185 0 -0.6576822 -2.206316 -0.08894342 -0.8055337 -2.160383 -0.05326398 -0.787146 -2.205919 0 -0.7801225 -2.223312 -0.04119137 -0.889117 -2.152449 -0.05651851 -0.8588572 -2.182112 -0.01550204 -0.8415679 -2.220894 0 -0.6966694 -1.89959 -0.1258826 -0.6993912 -1.947111 -0.1627128 -0.6669965 -1.970716 0 -0.646916 -1.896888 -0.1258826 -0.6379642 -1.914057 0 -0.7340375 -2.027163 0 -0.8311179 -2.089587 -0.0848521 -0.8290176 -2.101661 0.01293211 -0.8901176 -2.147899 0 -0.8588846 -2.183387 -0.4079171 -1.278747 1.632026 -0.420484 -1.378056 1.586199 -0.4997037 -1.309869 1.608582 -0.3097394 -1.306631 1.444261 -0.4041007 -1.361299 1.439866 -0.5111458 -1.277444 1.326345 -0.5485044 -1.308727 1.436681 -0.3303465 -1.259246 1.48923 -0.3303465 -1.226009 1.367481 -0.4416915 -1.224388 1.321493 -0.5489351 -1.227352 1.367114 -0.4828074 -1.347369 1.186468 -0.5489351 -1.260589 1.488864 -0.3231668 -1.215915 1.590067 -0.3231668 -1.180495 1.460319 -0.4396408 -1.163501 1.39525 -0.5561147 -1.181926 1.459929 -0.5027451 -1.335971 1.244928 -0.5561147 -1.217346 1.589676 -0.4396408 -1.234341 1.654745 -0.3539428 -1.0753 1.626003 -0.4574154 -1.36945 1.247406 -0.3539428 -1.055203 1.529108 -0.4396408 -1.045688 1.48055 -0.4650043 -1.279169 1.244128 -0.5253387 -1.056271 1.528886 -0.5253387 -1.076369 1.625782 -0.5045615 -1.344304 1.300416 -0.451876 -1.368338 1.299294 -0.4396408 -1.085883 1.67434 -0.3423455 -0.9361911 1.656781 -0.3423455 -0.9133738 1.546773 -0.4396408 -0.9025718 1.491643 -0.5087271 -1.296593 1.288182 -0.4609288 -1.260641 1.295383 -0.5104768 -1.320493 1.350438 -0.4997089 -1.357178 1.375831 -0.4285372 -1.372776 1.37152 -0.3662321 -1.32005 1.187073 -0.3979596 -1.365511 1.352048 -0.3392625 -1.365809 1.352139 -0.3096436 -1.317323 1.337399 -0.3734152 -1.355838 1.189904 -0.3399955 -1.341722 1.187877 -0.536936 -0.914587 1.546521 -0.536936 -0.9374042 1.656529 -0.4396408 -0.9482063 1.711659 -0.3358958 -1.262585 1.291847 -0.302186 -0.6646973 1.684377 -0.3994908 -1.256453 1.279533 -0.302186 -0.6324621 1.528963 -0.4396408 -0.6172014 1.451078 -0.5770954 -0.6341759 1.528607 -0.4447672 -1.30115 1.271023 -0.3979596 -1.36906 1.271427 -0.3392625 -1.369365 1.271359 -0.3096436 -1.319909 1.282416 -0.5770954 -0.6664112 1.684022 -0.4396408 -0.6816719 1.761907 -0.4954877 -1.363709 1.56254 -0.45936 -1.373288 1.535831 -0.2327049 -0.4303479 1.704382 -0.2327049 -0.3818182 1.470408 -0.4396409 -0.3588435 1.353153 -0.6465765 -0.3843984 1.469873 -0.6465765 -0.432928 1.703847 -0.4396409 -0.4559028 1.821101 0 -0.3451638 1.351187 0 -0.386502 1.824432 -0.4564718 0.3976226 -1.483409 -0.3692392 0.5005113 -1.545292 -0.4794059 0.3577519 -1.559938 -0.3834133 0.4709729 -1.628036 -0.5186459 0.4811898 -1.532758 -0.4813414 0.5251896 -1.559222 -0.5284535 0.4641394 -1.565485 -0.4874029 0.5125576 -1.594607 -0.5194066 0.5144081 -1.561732 -0.490066 0.4860038 -1.570289 -0.4149029 0.446405 -1.594021 -0.4536546 0.4030557 -1.560843 -0.3506979 0.4008036 -1.622518 -0.4185994 0.342748 -1.579591 0.4321043 0.9552132 0.01510779 0.6991593 0.5876436 0.01510779 0.6991593 0.1333027 0.01510779 0.4321043 -0.2342669 0.01510779 0.4617544 0.996023 0.6479027 0.7471341 0.6032316 0.6479027 0.7471341 0.1177147 0.6479027 0.4617544 -0.2750767 0.6479027 0.4010234 0.9221693 1.270962 0.6488693 0.5810387 1.270962 0.6488693 0.1593782 1.270962 0.4010234 -0.1817524 1.270962 0.4010234 0.8053456 1.582492 0.6488693 0.464215 1.582492 0.6488693 0.04255448 1.582492 0.2687371 0.5772968 1.95676 0.4348255 0.3486957 1.95676 0.4348255 0.06612927 1.95676 0.2687371 -0.1624717 1.95676 0.03922552 0.3825303 2.116508 0.06346799 0.3493438 2.113044 0.06346799 0.308323 2.108761 0.03922552 0.2751365 2.105297 0.01879684 0.1963497 2.190714 0.02819526 0.1914601 2.144617 0.03647971 0.04341777 2.159935 0.0364797 0.04823035 2.107147 0.03676208 -0.03073112 2.131286 0.02974122 -0.02768484 2.097871 0.4456536 0.9265379 -0.228275 0.7210826 0.5474426 -0.228275 0.7212893 0.05456784 -0.2747722 0.4456536 -0.3002404 -0.228275 0.3937661 0.8618815 -0.7015193 0.6371269 0.5269243 -0.7015193 0.6370447 0.1284941 -0.7328711 0.3513807 -0.1812259 -0.7602354 0.2982019 -0.1221872 -0.9813175 0.4825008 0.1217954 -1.050734 0.4825008 0.4233744 -1.136538 0.2982019 0.6673569 -1.205954 0.2406737 -0.09015799 -1.187692 0.3894181 0.08528262 -1.293212 0.3894181 0.3021391 -1.423643 0.2406737 0.4775796 -1.529163 0.2648425 -0.1975387 -1.294491 0.4285243 -0.004479989 -1.410608 0.4285243 0.2341536 -1.554137 0.2648425 0.4272123 -1.670254 0.2245489 -0.2637581 -1.452353 0.3633277 -0.1237853 -1.582327 0.3633277 0.04923056 -1.742985 0.2245489 0.1892033 -1.872959 0.1870566 -0.3861479 -1.561666 0.3026638 -0.2924011 -1.690238 0.3026638 -0.1765238 -1.849161 0.1870566 -0.08277708 -1.977732 0.1616026 -0.4950858 -1.68575 0.2614785 -0.4140958 -1.796826 0.2614785 -0.3139866 -1.934123 0.1616026 -0.2329966 -2.045199 0.1355542 -0.5911441 -1.773277 0.2193312 -0.5378346 -1.875523 0.2193312 -0.4719407 -2.001907 0.1355542 -0.4186314 -2.104153 0.4396408 -0.4607441 -0.2316055 0.6465763 -0.4377693 -0.3488601 0.6465763 -0.3892397 -0.5828339 0.4396408 -0.3636848 -0.6995532 0.2327048 -0.3866595 -0.5822988 0.2327048 -0.4351892 -0.3483248 0.4396408 -0.6865132 -0.2908 0.5770953 -0.6712524 -0.3686849 0.5770953 -0.6390172 -0.5240993 0.4396408 -0.6220427 -0.6016287 0.302186 -0.6373034 -0.5237438 0.302186 -0.6695386 -0.3683293 0.4396407 -0.9530476 -0.3410479 0.5369359 -0.9422455 -0.3961776 0.5369359 -0.9194282 -0.5061853 0.4396407 -0.9074131 -0.5610633 0.3423454 -0.9182151 -0.5059337 0.3423454 -0.9410324 -0.3959259 0.4396407 -1.090725 -0.3783668 0.5253386 -1.08121 -0.4269252 0.5253386 -1.061113 -0.5238203 0.4396407 -1.05053 -0.5721571 0.3539427 -1.060044 -0.5235987 0.3539427 -1.080142 -0.4267035 0.4396408 -1.239182 -0.3979617 0.5561146 -1.222188 -0.4630307 0.5561146 -1.186767 -0.592778 0.4396408 -1.168342 -0.6574563 0.3231667 -1.185336 -0.5923874 0.3231667 -1.220757 -0.46264 0.5489349 -1.26543 -0.563843 0.5489349 -1.232193 -0.6855924 0.4416914 -1.229229 -0.7312137 0.3303464 -1.230851 -0.685226 0.3303464 -1.264087 -0.5634764 0.5485042 -1.313568 -0.6160257 0.5111457 -1.282286 -0.7263618 0.4041006 -1.36614 -0.612841 0.3097394 -1.311473 -0.6084456 0.4997036 -1.314711 -0.444125 0.4204839 -1.382897 -0.4665075 0.407917 -1.283589 -0.4206803 0.452169 -1.375003 -0.5168752 0.4116421 -1.350363 -0.5317452 0.4954876 -1.368551 -0.4901667 0.3096435 -1.32475 -0.7702907 0.3392624 -1.374206 -0.7813478 0.3979595 -1.373902 -0.7812797 0.4447671 -1.305992 -0.7816833 0.3994907 -1.261294 -0.7731741 0.3358957 -1.267426 -0.7608602 0.3567437 -1.360767 -0.8627899 0.3900099 -1.3463 -0.8648679 0.366232 -1.324892 -0.8656335 0.3096435 -1.322164 -0.7153075 0.3392624 -1.370651 -0.7005681 0.3979595 -1.370352 -0.7006589 0.4285371 -1.377617 -0.6811872 0.4997088 -1.362019 -0.6768757 0.5104767 -1.325335 -0.7022688 0.4609287 -1.265482 -0.7573237 0.451876 -1.373179 -0.7534125 0.50595 -1.333241 -0.7563683 0.4650042 -1.284011 -0.8085791 0.505073 -1.314148 -0.8146154 0.501581 -1.354144 -0.8043597 0.4828073 -1.352211 -0.8662392 0.1610655 -0.6154284 -1.967219 0.1610655 -0.5853641 -2.071956 0.09701601 -0.5610416 -2.156691 0.1174588 -0.6914759 -2.122627 0.07000975 -0.6670226 -2.183185 0.0848521 -0.8290176 -2.101661 0.08894342 -0.8055337 -2.160383 0.05326398 -0.787146 -2.205919 0.05651851 -0.8882463 -2.155936 0.05651851 -0.8588572 -2.182112 0.03100409 -0.8457081 -2.214675 0.1258826 -0.6993912 -1.947111 0.1627128 -0.6669965 -1.970716 0.1258826 -0.6379642 -1.914057 0.1107289 -0.7266936 -2.039725 0.4079171 -1.278747 1.632026 0.420484 -1.378056 1.586199 0.4997037 -1.309869 1.608582 0.3097394 -1.306631 1.444261 0.5111458 -1.277444 1.326345 0.5485044 -1.308727 1.436681 0.3303465 -1.259246 1.48923 0.3303465 -1.226009 1.367481 0.4394494 -1.229814 1.332114 0.5489351 -1.227352 1.367114 0.4828074 -1.347369 1.186468 0.5489351 -1.260589 1.488864 0.3231668 -1.215915 1.590067 0.3231668 -1.180495 1.460319 0.4396408 -1.163501 1.39525 0.5561147 -1.181926 1.459929 0.5027451 -1.335971 1.244928 0.5561147 -1.217346 1.589676 0.4396408 -1.234341 1.654745 0.3539428 -1.0753 1.626003 0.4574154 -1.36945 1.247406 0.3539428 -1.055203 1.529108 0.4396408 -1.045688 1.48055 0.4650043 -1.279169 1.244128 0.5253387 -1.056271 1.528886 0.5253387 -1.076369 1.625782 0.5045615 -1.344304 1.300416 0.451876 -1.368338 1.299294 0.4396408 -1.085883 1.67434 0.3423455 -0.9361911 1.656781 0.3423455 -0.9133738 1.546773 0.4396408 -0.9025718 1.491643 0.5087271 -1.296593 1.288182 0.4609288 -1.260641 1.295383 0.5104768 -1.320493 1.350438 0.4997089 -1.357178 1.375831 0.4285372 -1.372776 1.37152 0.3979596 -1.365511 1.352048 0.3392625 -1.365809 1.352139 0.3096436 -1.317323 1.337399 0.3662321 -1.32005 1.187073 0.3900099 -1.341459 1.187839 0.3567438 -1.355926 1.189917 0.536936 -0.914587 1.546521 0.536936 -0.9374042 1.656529 0.4396408 -0.9482063 1.711659 0.3358958 -1.262585 1.291847 0.302186 -0.6646973 1.684377 0.302186 -0.6324621 1.528963 0.4396408 -0.6172014 1.451078 0.5770954 -0.6341759 1.528607 0.4447672 -1.30115 1.271023 0.3979596 -1.36906 1.271427 0.3392625 -1.369365 1.271359 0.3096436 -1.319909 1.282416 0.5770954 -0.6664112 1.684022 0.4396408 -0.6816719 1.761907 0.4954877 -1.363709 1.56254 0.496394 -1.346004 1.519989 0.4537323 -1.374851 1.535831 0.2327049 -0.4303479 1.704382 0.2327049 -0.3818182 1.470408 0.4396409 -0.3588435 1.353153 0.6465765 -0.3843984 1.469873 0.6465765 -0.432928 1.703847 0.4396409 -0.4559028 1.821101 0.4564718 0.3976226 -1.483409 0.3692392 0.5005113 -1.545292 0.4794059 0.3577519 -1.559938 0.3834133 0.4709729 -1.628036 0.5186459 0.4811898 -1.532758 0.4813414 0.5251896 -1.559222 0.5284535 0.4641394 -1.565485 0.4874029 0.5125576 -1.594607 0.5194066 0.5144081 -1.561732 0.490066 0.4860038 -1.570289 0.4149029 0.446405 -1.594021 0.4536546 0.4030557 -1.560843 0.3506979 0.4008036 -1.622518 0.4185994 0.342748 -1.579591 0.3407075 -1.101042 1.542259</float_array>
          <technique_common>
            <accessor count="497" source="#IID-_0001-array" stride="3">
              <param type="float" name="X" />
              <param type="float" name="Y" />
              <param type="float" name="Z" />
            </accessor>
          </technique_common>
        </source>
        <source id="IID-_0002">
          <float_array count="1491" id="IID-_0002-array">3.172085e-06 0.9999898 0.004508563 -0.7924066 0.6099894 0.002139047 -0.9603658 0.278733 0.002350958 -0.9980946 0.06163743 0.002837703 -0.983646 -0.1800792 0.003478098 2.624817e-05 -0.9999114 0.0133154 -3.476511e-06 0.9838513 0.1789875 -0.79311 0.5959324 0.1258613 -0.9589393 0.2673431 0.0946736 -0.9939871 0.0497795 0.09752809 -0.9685277 -0.1947892 0.1549555 -4.038215e-06 -0.8935392 0.4489851 5.130116e-09 0.9306344 0.3659502 -0.7511174 0.6018378 0.2713189 -0.9344032 0.2889131 0.2083742 -0.9734833 0.07953583 0.2144863 0.2212558 -0.3213418 -0.9207526 -7.966161e-05 -0.6001711 0.7998716 3.622845e-07 0.873387 0.4870268 -0.7681383 0.5376618 0.3476826 -0.9373577 0.2315509 0.2602783 -0.963317 0.02181529 0.2674779 4.043802e-06 0.717509 0.6965492 -0.6654002 0.4969504 0.5570304 -0.8621967 0.2388557 0.4467267 -0.8890093 0.04667401 0.455504 -0.7627413 -0.1570764 0.6273377 1.241001e-07 -0.3650196 0.9309999 -8.44663e-06 0.4925497 0.8702843 -0.1446602 0.4737304 0.8687076 -0.2323492 0.4338291 0.8705207 -0.6254275 -0.7218819 0.2961874 -0.8195465 -0.5395498 -0.1929497 -0.1397458 -0.9899911 -0.01971539 -0.1478717 0.9535094 0.2625906 -0.4316207 0.4536189 -0.7797008 -0.07621037 0.05830901 0.9953853 -0.1517684 0.9088301 -0.3885798 0.03497409 -0.04346824 0.9984425 -0.1275124 -0.04393476 0.9908634 -0.5252574 -0.7786378 0.3432604 0.1084195 -0.07843231 0.9910063 3.620982e-06 0.9975411 -0.07008415 -0.8089631 0.5858733 -0.04828246 -0.9667245 0.2534342 -0.03485552 -0.9988974 0.02233501 -0.04129554 -0.9660165 -0.2199303 0.1358038 2.31713e-05 -0.986707 -0.162509 -4.708301e-06 0.9737593 -0.2275805 -0.7849262 0.5981489 -0.1615819 -0.9537901 0.2738231 -0.1237147 -0.9889538 0.06614126 -0.1326489 0.5326071 -0.5720956 -0.6237277 2.272427e-07 -0.8365828 -0.5478404 7.411838e-05 -0.5646076 -0.8253595 -0.9290453 -0.1273392 -0.3473609 -0.9671601 0.08428868 -0.2397847 -0.9263254 0.2795334 -0.2525516 -0.740628 0.5770498 -0.3442146 1.616572e-07 0.8819851 -0.4712771 -0.7402979 -0.4001001 0.5402582 -0.9980009 0.06315969 0.002241634 -0.933048 0.07059434 -0.3527574 -0.8321894 0.5393361 0.1287529 -0.1811981 0.9496981 0.2554229 1.185294e-05 0.7276361 -0.6859633 -0.5072577 -0.5064535 -0.6972765 -0.5858887 -0.6595568 0.4708707 -0.9363971 -0.003361028 -0.3509262 -0.912131 0.1686294 -0.3736054 -0.74006 0.4122291 -0.5313928 2.625584e-05 0.6666266 -0.7453918 -0.3551307 -0.8250858 0.4394493 -0.7655216 -0.3104009 -0.5635848 -0.8909815 -0.1048322 -0.4417716 -0.8768871 0.04102442 -0.4789426 -0.7069308 0.209459 -0.675556 -2.009422e-05 0.3616098 -0.9323295 -2.119708e-05 -0.5874932 0.8092291 -0.9549676 -0.2746644 0.1122338 -0.8104675 -0.2697202 -0.5199937 -0.8122863 -0.1610589 -0.5605809 -0.6355498 -0.09312893 -0.7664225 8.791685e-07 -0.07006046 -0.9975427 5.075336e-05 -0.6935409 -0.7204173 -0.5340433 -0.5649899 -0.6289549 -0.7209293 -0.3951478 -0.5693146 -0.7317578 -0.2996441 -0.6121632 -0.5484804 -0.2730302 -0.7903314 7.079542e-05 -0.2816964 -0.9595036 3.8292e-08 -0.7304251 -0.6829928 -0.4285779 -0.6450606 -0.6326277 -0.6098641 -0.5182428 -0.5995751 -0.6164007 -0.4579469 -0.6405737 -0.4344347 -0.4685805 -0.7692196 -4.48823e-05 -0.4939861 -0.8694699 0.02466106 -0.9932683 0.1131811 -0.972003 -0.2272484 -0.0597354 -0.9741659 -0.2024885 -0.09999604 -0.9566733 -0.008769779 -0.2910313 -0.6205589 -0.7832938 0.03684334 0.3515714 -0.7266669 -0.5902141 0.9535275 -0.06944773 0.2931935 -0.9258495 -0.3718398 -0.06736287 -0.9297452 -0.3554269 -0.09615372 0.654054 0.5986655 -0.462399 0.6338458 0.6161375 0.467562 0.5090377 0.8555328 0.09457389 0.9788496 0.01214294 0.2042208 -0.8517247 -0.5185118 -0.07556941 -0.8571176 -0.5068383 -0.09200191 -0.4398234 0.8424571 -0.3111614 -0.2849282 0.1949956 -0.9385056 -0.3710362 -0.4815972 0.793975 0.975382 -0.03351225 0.2179609 -0.8111058 -0.5795884 -0.07864339 -0.8147327 -0.57269 -0.0907562 0.6877989 0.7257108 -0.01663092 0.8227549 0.2896395 0.4890637 0.4702047 0.8813773 -0.04562369 -0.9087978 0.3217759 0.2656065 -0.7922646 -0.6050512 -0.07892875 -0.5270535 0.7152615 0.4589289 -0.3971846 0.7754751 0.4907981 0.766129 -0.6402819 -0.05554655 0.1110147 0.966045 -0.2333086 -0.9598079 0.2684048 -0.0820237 0.1533331 0.2397041 -0.958661 -0.5441829 0.7086459 -0.4490946 0.9019811 -0.1524361 -0.4039718 0.7868022 0.6049861 -0.1222047 -0.9220072 0.02340093 -0.386465 -0.5703803 0.7950724 0.206219 -0.02464443 -0.3824436 0.9236501 0.4387637 -0.2402374 -0.8658939 -0.7375751 -0.6705982 -0.07925304 0.2443244 0.6650807 0.7056722 0.8708041 0.4835397 -0.08882351 -0.6013194 -0.128586 0.7885941 0.08544023 -0.01457695 0.9962367 0.3035386 -0.4948215 0.814258 0.08256697 -0.836871 -0.5411375 0.8568161 0.5148987 -0.02730522 -0.8985652 0.4090858 -0.1588378 -0.04941309 0.9744041 -0.2193059 0.7197177 -0.06512047 -0.691206 0.01666328 -0.2522397 -0.9675213 0.0577032 0.04009595 -0.9975283 0.8538346 0.04713694 -0.5184058 -0.6411487 -0.7565293 -0.1288086 0.1521236 0.1031073 -0.9829686 0.7293501 -0.6707401 -0.1347444 -0.5873427 -0.8082215 -0.04250325 -0.7396043 -0.6629987 -0.1158371 0.4063345 0.7245371 0.5567209 -0.702516 -0.7082827 0.06933243 -0.3107426 -0.8965278 0.3157167 -0.7284679 -0.6741709 -0.1217708 -0.1210995 0.2858214 0.9506004 0.04917031 -0.3329685 -0.9416551 -0.3864871 -0.8694279 -0.3077707 0.678148 -0.2417172 -0.6940375 -0.7987955 0.4703867 -0.3750496 -0.4566505 -0.5793518 -0.6751457 -0.2940538 -0.5947855 -0.7481728 4.513282e-05 -0.6107023 -0.7918603 0.4251988 -0.8971388 -0.1197835 -0.3230367 -0.6657647 -0.6726104 -0.1999342 -0.6683768 -0.7164487 3.156066e-05 -0.6737103 -0.7389955 -0.2329231 -0.7285026 -0.6442288 -0.1398621 -0.7294729 -0.6695579 0.0001214146 -0.7287757 -0.6847524 -0.08078315 -0.7767094 -0.6246573 -0.1445726 -0.7585135 -0.6354181 -0.04941126 -0.7540708 -0.654932 -6.198884e-06 -0.746941 -0.6648903 0.8466811 -0.5270411 -0.07320325 -0.4352525 -0.6429449 0.6302198 1.825578e-05 -0.7204645 -0.6934919 0.656709 -0.6795762 -0.3269702 -0.4724642 -0.7685975 -0.4313185 -0.4469012 -0.6987224 -0.5586289 -0.6682637 -0.3866914 -0.635526 0.04388664 -0.7783868 -0.6262491 0.0001162794 -0.7686401 -0.6396815 -0.6459572 -0.7024504 0.2988358 0.9186 -0.3620276 0.1584616 -0.7154309 -0.647603 0.2622387 -0.2214013 -0.9194865 0.3248477 0.1846293 -0.3627446 -0.9134157 -0.8663934 -0.4032577 0.2945263 -0.7128605 -0.2413733 -0.6584595 0.5304489 -0.6731747 -0.515228 0.5309705 0.8257982 -0.1900729 0.03280145 0.8760739 0.4810598 0.3842712 0.2605785 -0.8856831 0.6687619 -0.1517981 -0.7278151 -0.8100377 -0.5096885 -0.2899254 0.2421273 -0.7376465 -0.6302793 0.443539 0.8956625 -0.03258569 0.1480629 -0.2378361 -0.9599538 -0.2591926 -0.2857319 -0.9225922 -0.4637907 -0.6002913 -0.651574 -0.7721468 -0.5836443 0.251294 -0.6847779 -0.6648834 0.2983442 0.2436983 0.9683858 -0.05329254 0.9988754 -0.01642546 0.04447636 0.4369709 0.6217783 -0.64996 -0.0643264 0.9968471 -0.04645399 -0.5863515 0.5133473 0.6266311 -0.23743 0.9294221 -0.2824918 -0.7845172 -0.5550736 0.2764527 -0.7179175 -0.6637757 0.209753 0.1309337 -0.5925049 -0.7948548 -0.7210204 -0.6159894 0.3173118 0.08574343 -0.9895729 -0.11573 0.8734997 -0.06613821 0.4823111 -0.2454066 -0.9467218 -0.2085507 -0.7266971 -0.6842466 0.06097559 0.8094023 0.4428949 -0.385632 -0.7254245 -0.6517064 0.2214455 -0.5369497 -0.7585254 -0.3692212 0.6526268 -0.6683828 -0.3568509 0.2637028 0.5899966 -0.7631283 -0.6286942 -0.7389155 0.2423792 0.3732936 0.0884241 0.9234897 -0.04537721 -0.9917747 0.1196825 0.1668925 -0.4555955 -0.8744025 0.6959455 -0.0534796 -0.7161005 -0.8292114 -0.4880314 0.2724589 -0.8211841 -0.4910434 0.2907455 -0.7540086 -0.5625573 0.3391168 0.4314515 0.7707365 -0.4688442 -0.01022275 -0.999664 -0.02382028 -0.8080938 0.588146 0.03268993 0.07822452 -0.9200346 -0.3839496 -0.541007 0.7110023 -0.4492073 -0.8986762 -0.3413249 0.2754603 0.114109 -0.3462954 -0.9311599 0.1209804 -0.9468547 0.2980436 -0.6150113 -0.7085443 0.3460146 -0.1907365 -0.7847261 -0.5897666 -0.8872199 -0.3516799 0.2986002 -0.8160679 -0.4380123 0.3770654 -0.3988928 -0.9121113 0.09453791 -0.2830771 -0.8196276 -0.4980744 0.7090459 -0.4316374 -0.5576226 -0.1794984 -0.08490098 -0.9800878 -0.1006979 -0.9857623 0.1346579 -0.9485173 -0.1942544 0.2501606 -0.9341047 -0.2150991 0.2849224 -0.8604617 -0.3080789 0.405824 0 -0.6155803 0.7880742 -5.075336e-05 -0.5405338 0.8413222 -0.5998655 -0.78755 0.1411609 -0.8188283 0.3099015 -0.4831991 -0.9115064 0.2348383 -0.3376495 -0.8435115 0.3555727 -0.4025624 -0.2016215 -0.4681199 0.8603561 -0.8032612 0.4559869 -0.3832068 -0.9107257 0.2761448 -0.3071201 -0.8892806 0.3209858 -0.3258038 -0.9001728 0.3078431 -0.3080934 -0.8942614 0.3063167 -0.3262925 -0.8676021 0.3245169 -0.3767698 -0.8953314 0.2746074 -0.3506743 -0.8360232 0.3317868 -0.4370159 -0.8902647 0.2530041 -0.3787053 0.7924089 0.6099866 0.002124898 0.9603661 0.2787317 0.002348736 0.9980948 0.06163484 0.002810236 0.9836454 -0.180083 0.003447413 0.7931004 0.5959379 0.1258963 0.9589413 0.2673374 0.09466915 0.9939889 0.04978237 0.09750745 0.9685224 -0.1947914 0.1549866 0.7511168 0.6018376 0.2713209 0.9344039 0.2889117 0.208373 0.9734836 0.07953785 0.2144839 -0.4835356 -0.8185365 -0.3101473 0.7681397 0.5376686 0.3476691 0.9373577 0.2315509 0.2602783 0.963317 0.02181529 0.2674779 0.6653988 0.4969565 0.5570266 0.8621967 0.2388557 0.4467266 0.8890095 0.04667403 0.4555039 0.7627424 -0.1570826 0.627335 0.1446768 0.4737551 0.8686914 0.2324185 0.433899 0.8704673 0.2978655 0.3620642 0.8832812 0.5095135 -0.8431155 -0.1719078 0.05986101 0.2616734 0.9632984 0.08502758 0.514671 -0.8531613 0.1599992 0.06042165 0.9852662 -0.1977234 0.8564883 -0.4767947 0.1536197 -0.04468096 0.9871193 -0.3218393 0.3396458 -0.8837761 0.8089632 0.5858729 -0.0482842 0.9667241 0.2534358 -0.03485336 0.9988976 0.02233976 -0.04128691 -0.4227084 -0.661449 0.6195183 0.7849263 0.5981488 -0.161582 0.9537939 0.273807 -0.1237203 0.9889538 0.06614113 -0.1326488 0.9237239 -0.0940415 -0.371336 0.9290453 -0.1273393 -0.3473608 0.9671686 0.08427909 -0.2397539 0.9263254 0.2795333 -0.2525516 0.7406279 0.5770499 -0.3442146 0.2365333 -0.2848304 0.9289369 0.9330443 0.0705774 -0.3527709 0.8321894 0.5393362 0.1287529 0.181198 0.949698 0.2554229 0.5603792 -0.6868818 0.4627836 0.9363891 -0.003404439 -0.3509471 0.9121352 0.168644 -0.3735888 0.7400576 0.4122185 -0.5314044 0.7654213 -0.3105157 -0.5636578 0.8909746 -0.1048481 -0.4417817 0.876887 0.04102589 -0.4789425 0.7069409 0.2094768 -0.6755399 -0.08340403 -0.7168819 0.6921879 0.810459 -0.2697406 -0.5199964 0.8122889 -0.1610731 -0.560573 0.6355231 -0.09313635 -0.7664437 0.5340434 -0.5649896 -0.628955 0.7209235 -0.3951614 -0.5693125 0.7317578 -0.2996441 -0.6121633 0.5484803 -0.2730302 -0.7903315 0.4285473 -0.6450821 -0.6326265 0.6098136 -0.5183399 -0.5995424 0.6164041 -0.4579616 -0.64056 0.4343641 -0.4685665 -0.7692679 -0.9683068 0.006617148 0.2496762 0.9720031 -0.2272482 -0.05973539 0.9741659 -0.2024886 -0.09999604 0.9186172 0.1663627 -0.3584213 0.7687629 -0.4868332 -0.4147252 0.537001 -0.6094464 0.583271 0.3204416 -0.9423225 0.09667244 0.925855 -0.3718255 -0.06736579 0.9297342 -0.3554547 -0.09615747 -0.6047024 0.6397809 -0.4743579 0.1491164 -0.9887989 0.006405233 -0.5551804 -0.5121057 -0.6553796 -0.9805968 -0.04913258 0.1897787 0.8517496 -0.5184668 -0.07559639 0.8571593 -0.5067791 -0.09193978 0.03791078 0.9483016 -0.3150982 -0.1255674 -0.9918346 -0.02229351 -0.417224 -0.6544089 -0.6306133 5.438103e-06 -0.9997149 0.02387511 0.8111311 -0.5795481 -0.07867936 0.8147376 -0.5726851 -0.09074403 -0.5301909 0.8473626 0.029567 -0.5380684 -0.6526917 -0.5333629 -0.7217752 -0.3214304 -0.6129626 0.2782744 0.8786018 0.3881009 0.7922601 -0.605058 -0.07892179 0.7606016 -0.5898631 -0.2711949 -0.9648152 0.1120511 -0.2378576 -0.7663766 -0.6399773 -0.05564179 0.3624283 -0.8230534 -0.4372972 0.9598079 0.2684048 -0.08202372 0.4608379 0.8207073 0.3377396 0.5443959 0.7085773 -0.4489447 -0.9019353 -0.1528379 -0.4039224 -0.2298682 0.3327739 0.9145612 0.9219925 0.02344528 -0.3864971 0.776763 -0.6216193 -0.1011369 0.6397623 -0.5870749 -0.4960315 -0.2976095 -0.6237932 -0.7227107 0.7375754 -0.6705979 -0.07925304 -0.4085504 -0.8453366 0.3442273 0.489005 0.7011046 0.5189666 -0.3299696 -0.7163797 -0.6147522 0.1668273 -0.4027587 0.8999745 0.6355 -0.3115808 0.7064398 0.135336 -0.9318865 -0.3365587 -0.08063135 -0.09140735 0.9925439 -0.1776005 -0.9798993 -0.09085904 0.02146465 0.4558311 -0.8898075 -0.1287711 -0.1722638 -0.9765977 0.1067695 0.8822717 -0.4584723 0.1515203 -0.4714949 -0.8687544 0.5565418 -0.2016636 -0.8059734 0.0604015 0.748746 -0.6600994 -0.05693268 0.04015641 -0.9975702 -0.6998418 -0.07919245 -0.7098944 0.6411492 -0.7565293 -0.1288065 -0.02778523 -0.6159977 0.7872577 0.5873026 -0.8082925 -0.04170087 0.7396036 -0.6630024 -0.1158202 -0.4719358 -0.3784324 -0.7962823 0.4631781 -0.7998016 -0.3818158 0.2667671 0.09163783 -0.9593945 -0.008253276 -0.7143787 -0.6997106 -0.01679292 -0.3933861 -0.91922 0.9373656 -0.07891527 0.3392906 -0.6588116 -0.3766927 -0.6512067 0.7987953 0.4703869 -0.3750496 0.4566504 -0.5793518 -0.6751458 0.2940024 -0.5947675 -0.7482073 0.3230367 -0.6657647 -0.6726103 0.1999585 -0.6683868 -0.7164326 -0.6973386 -0.6747659 0.2416811 0.2329233 -0.7285025 -0.6442289 0.1397775 -0.7294472 -0.6696036 0.1424144 -0.7727699 -0.6185021 0.1445827 -0.7584666 -0.6354717 0.08379492 -0.752287 -0.653485 -0.8466808 -0.5270414 -0.07320365 0.8585485 0.5083219 -0.06710605 -0.4513192 -0.8599939 -0.2381625 0.8604124 -0.08843373 -0.5018665 0.6460014 -0.7023925 0.2988764 -0.9282334 -0.3696386 0.04183438 0.7154474 -0.647586 0.2622353 -0.1465685 -0.6959255 -0.7029973 0.8927715 -0.3721245 0.2539337 0.4855064 -0.4685446 -0.7380715 -0.7223575 -0.4751132 -0.5024611 -0.4030303 0.6714041 -0.621919 -0.716814 0.6955318 0.04912382 -0.06412551 -0.4967862 -0.8655006 -0.7652484 -0.03059834 -0.6430075 0.6345027 -0.5336642 0.5591143 -0.1049194 -0.4502385 -0.8867227 0.4752462 -0.6773157 0.561591 0.2988639 0.9244551 0.2367766 0.5373561 0.4200955 -0.7312785 0.6846014 -0.7081696 0.172675 0.7721468 -0.5836442 0.2512937 -0.5974365 -0.7236461 0.3455516 -0.03240024 -0.8603439 0.5086832 -0.5025236 -0.589713 0.6322252 -0.9899107 -0.111531 -0.08739335 0.4168316 0.7671489 0.4875799 -0.1710384 0.103345 0.9798294 0.8398932 0.2002175 -0.5044724 0.7845535 -0.5550503 0.2763966 0.7179092 -0.6637866 0.2097469 -0.1309701 -0.5924188 -0.7949131 0.7211338 -0.6158417 0.3173406 -0.001230434 -0.9909186 -0.1344569 -0.9087339 0.08606608 0.4084058 -0.2593576 0.9635809 0.06515712 0.7276898 -0.6832321 0.06050886 -0.4576872 0.6348096 0.6225263 0.7253901 -0.6517728 0.2213623 0.1101241 -0.9916055 -0.06775852 -0.3511702 -0.6487848 0.6750983 -0.3808789 -0.7620531 -0.5236471 0.7354514 -0.655606 0.1711497 -0.1460451 0.4558166 0.8780103 0.03878497 0.5286679 -0.8479422 0.6652492 -0.2157454 -0.7147709 0.1709764 -0.5062232 -0.8452841 0.8290294 -0.4881679 0.2727678 0.821194 -0.4910354 0.2907313 0.5960762 0.4214591 0.6834219 -0.6311108 0.7627532 -0.1410908 0.5225638 0.2330973 0.8201175 -0.8234158 -0.255677 -0.5065724 -0.8342761 -0.5220852 0.1772297 0.8986783 -0.3413191 0.2754606 -0.1263779 0.8209099 0.5568982 0.2894281 -0.8448859 0.4498879 -0.9744147 0.1655656 0.1520009 0.2279582 0.6867725 -0.6902019 0.8872229 -0.3516749 0.2985973 0.8160934 -0.4379538 0.3770784 0.6497071 -0.7343451 0.196514 0.9485314 0.003528327 -0.3166633 -0.2579421 -0.9533268 -0.1569519 0.3512242 -0.3805856 0.8554509 -0.7403764 0.22117 -0.6347651 -0.3508155 0.8394217 -0.4150901 0.9485224 -0.1942312 0.2501586 0.9341019 -0.2151093 0.2849242 0.8604571 -0.3081019 0.4058161 0.5998856 -0.7875262 0.141208 0.8764396 -0.01776045 0.4811842 0.9115064 0.2348382 -0.3376493 0.8435138 0.3555634 -0.4025657 0.9883007 0.14689 -0.04104904 0.8507636 0.2044427 0.4841535 0.9107257 0.2761448 -0.3071201 0.8892458 0.3211338 -0.3257528 0.9001514 0.3078614 -0.3081373 0.894315 0.3062208 -0.3262353 0.8675893 0.3245341 -0.3767843 0.8953465 0.2745684 -0.3506663 0.8360112 0.3318041 -0.4370256 0.8902678 0.2529968 -0.378703 -0.9437214 0.2123116 0.2536017</float_array>
          <technique_common>
            <accessor count="497" source="#IID-_0002-array" stride="3">
              <param type="float" name="X" />
              <param type="float" name="Y" />
              <param type="float" name="Z" />
            </accessor>
          </technique_common>
        </source>
        <source id="IID-_0003">
          <float_array count="5940" id="IID-_0003-array">0.4450825 0.6475278 0.4448319 0.6131016 0.597567 0.5995865 0.4472049 0.9391891 0.4465491 0.8490608 0.5994019 0.8517363 0.4465491 0.8490608 0.4457383 0.737656 0.5985355 0.7326874 0.4457383 0.737656 0.4450825 0.6475278 0.5978348 0.6363745 0.4474555 0.9736149 0.4472049 0.9391891 0.6001028 0.9480494 0.6001028 0.9480494 0.5994019 0.8517363 0.7498363 0.8451659 0.5994019 0.8517363 0.5985355 0.7326874 0.7490838 0.7417744 0.5985355 0.7326874 0.5978348 0.6363745 0.7484752 0.6581292 0.6003706 0.9848374 0.6001028 0.9480494 0.750445 0.9288116 0.5978348 0.6363745 0.597567 0.5995865 0.7482426 0.6261793 0.7490838 0.7417744 0.8241122 0.7125648 0.8248646 0.8159565 0.750445 0.9288116 0.8254732 0.8996021 0.8257058 0.9315516 0.2239146 0.368067 0.1362334 0.4224672 0.1528154 0.3882371 0.7498363 0.8451659 0.8248646 0.8159565 0.8254732 0.8996021 0.8241122 0.7125648 0.9145434 0.7176676 0.9150476 0.7869529 0.3175775 0.3170883 0.2761814 0.3225597 0.2744886 0.2394582 0.8254732 0.8996021 0.9154555 0.8430061 0.9156113 0.8644165 0.2208566 0.3086546 0.1639675 0.3467734 0.2038858 0.2575389 0.8248646 0.8159565 0.9150476 0.7869529 0.9154555 0.8430061 0.9150476 0.7869529 0.9145434 0.7176676 0.9516845 0.7767781 0.9145434 0.7176676 0.9141355 0.6616143 0.9679272 0.7437887 0.9156113 0.8644165 0.9154555 0.8430061 0.953688 0.7949597 0.9141355 0.6616143 0.9139796 0.640204 0.9504469 0.7655414 0.9154555 0.8430061 0.9150476 0.7869529 0.9527924 0.7868288 0.9679272 0.7437887 0.9742315 0.7228953 0.9845729 0.7239308 0.953688 0.7949597 0.9845729 0.7239308 0.988416 0.7243153 0.9845729 0.7239308 0.9662947 0.6883154 0.9823849 0.6867044 0.9823849 0.6867044 0.9759812 0.66851 0.9791905 0.6681887 0.9662947 0.6883154 0.9642283 0.6696869 0.9759812 0.66851 0.4450825 0.6475278 0.4457383 0.737656 0.3755894 0.7188753 0.4472049 0.9391891 0.4474555 0.9736149 0.3886335 0.9681041 0.4448319 0.6131016 0.4450825 0.6475278 0.386186 0.6317917 0.4465491 0.8490608 0.4472049 0.9391891 0.3883751 0.9325987 0.4457383 0.737656 0.4465491 0.8490608 0.3876986 0.8396444 0.3755894 0.7188753 0.3876986 0.8396444 0.2733695 0.8354707 0.2917922 0.4687333 0.1304173 0.4845059 0.2040673 0.3224789 0.3886335 0.9681041 0.2741955 0.9489741 0.2739671 0.9176023 0.2040673 0.3224789 0.1304173 0.4845059 0.1588948 0.3586151 0.3883751 0.9325987 0.2739671 0.9176023 0.2733695 0.8354707 0.2717999 0.6843103 0.2046379 0.6768147 0.2247494 0.6762882 0.2741955 0.9489741 0.1455577 0.8937178 0.1517952 0.8708187 0.2739671 0.9176023 0.1517952 0.8708187 0.1681245 0.8108683 0.2650868 0.7378322 0.2733695 0.8354707 0.1681245 0.8108683 0.2717999 0.6843103 0.2650868 0.7378322 0.1883086 0.7367655 0.1455577 0.8937178 0.06378443 0.8413752 0.07339881 0.8248706 0.2046379 0.6768147 0.154854 0.6850424 0.1644684 0.6685377 0.1883086 0.7367655 0.1296829 0.7282516 0.154854 0.6850424 0.1517952 0.8708187 0.07339881 0.8248706 0.09856988 0.7816615 0.1681245 0.8108683 0.09856988 0.7816615 0.1296829 0.7282516 0.4006075 0.2876992 0.3816215 0.2345814 0.6300012 0.1785498 0.3662616 0.1916088 0.3603946 0.1751945 0.6268826 0.2072063 0.6159164 0.08631108 0.6416495 0.05459731 0.6670592 0.07263304 0.4159673 0.3306718 0.4006075 0.2876992 0.5631009 0.2552373 0.4196717 0.3405976 0.4159673 0.3306718 0.5089774 0.3172791 0.6062095 0.2309045 0.6268826 0.2072063 0.7613384 0.1360314 0.6300012 0.1785498 0.6062095 0.2309045 0.7419103 0.1561208 0.5089774 0.3172791 0.5631009 0.2552373 0.6281769 0.2737271 0.5412192 0.3290913 0.5089774 0.3172791 0.5893403 0.3138812 0.5631009 0.2552373 0.6300012 0.1785498 0.6910475 0.2087166 0.7419103 0.1561208 0.7613384 0.1360314 0.8201406 0.2135012 0.6910475 0.2087166 0.7419103 0.1561208 0.8043453 0.2309807 0.5893403 0.3138812 0.6281769 0.2737271 0.7118776 0.3333082 0.5680465 0.3319199 0.5893403 0.3138812 0.6705247 0.37907 0.6281769 0.2737271 0.6910475 0.2087166 0.7629922 0.2767429 0.8201406 0.2135012 0.8548002 0.2681701 0.841154 0.283271 0.8043453 0.2309807 0.841154 0.283271 0.8054284 0.3228063 0.7118776 0.3333082 0.7612689 0.3716738 0.7255433 0.411209 0.6705247 0.37907 0.7255433 0.411209 0.7118971 0.42631 0.7629922 0.2767429 0.8054284 0.3228063 0.7612689 0.3716738 0.8054284 0.3228063 0.841154 0.283271 0.8774377 0.3497677 0.7255433 0.411209 0.7612689 0.3716738 0.8003036 0.4129678 0.7118971 0.42631 0.7255433 0.411209 0.7658085 0.4412313 0.7612689 0.3716738 0.8054284 0.3228063 0.8429422 0.3780317 0.841154 0.283271 0.8548002 0.2681701 0.8905646 0.3387224 0.3144574 0.317034 0.2988653 0.2357692 0.2714543 0.2400185 0.2071252 0.352152 0.216546 0.2479025 0.1988129 0.2693802 0.2730615 0.3225055 0.2040673 0.3224789 0.2164607 0.2472876 0.2731901 0.3234312 0.2714543 0.2400185 0.216546 0.2479025 0.2040673 0.3224789 0.1588948 0.3586151 0.1988129 0.2693802 0.3144574 0.317034 0.2730615 0.3225055 0.2713687 0.2394039 0.2714543 0.2400185 0.2679016 0.1432846 0.2290358 0.1488649 0.2164607 0.2472876 0.1988129 0.2693802 0.2095723 0.1514376 0.2988653 0.2357692 0.2713687 0.2394039 0.2678408 0.1428495 0.2988653 0.2357692 0.2873042 0.1402767 0.2679016 0.1432846 0.216546 0.2479025 0.2290358 0.1488649 0.2095723 0.1514376 0.2713687 0.2394039 0.2164607 0.2472876 0.2289749 0.1484301 0.2873042 0.1402767 0.27737 0.09069268 0.2602802 0.09334236 0.2290358 0.1488649 0.2260472 0.09825762 0.208904 0.1005235 0.2678408 0.1428495 0.2289749 0.1484301 0.2259938 0.09787408 0.2679016 0.1432846 0.2602802 0.09334236 0.2260472 0.09825762 0.2289749 0.1484301 0.2095723 0.1514376 0.208904 0.1005235 0.2873042 0.1402767 0.2678408 0.1428495 0.260227 0.09295888 0.260227 0.09295888 0.2507895 0.04223395 0.2738566 0.03769488 0.2602802 0.09334236 0.27737 0.09069268 0.2738566 0.03769488 0.208904 0.1005235 0.2260472 0.09825762 0.2048637 0.052343 0.2259938 0.09787408 0.2047597 0.05182756 0.2507895 0.04223395 0.2260472 0.09825762 0.2602802 0.09334236 0.2508938 0.04274943 0.1553936 0.1647526 0.1391527 0.1727373 0.1383046 0.1643102 0.1437442 0.1654917 0.1389037 0.1115018 0.1149674 0.1484682 0.1391527 0.1727373 0.1169514 0.2174954 0.1189594 0.1991811 0.13619 0.08453422 0.1172549 0.09042165 0.1389037 0.1115018 0.1391527 0.1727373 0.1437442 0.1654917 0.1195095 0.1991299 0.1383046 0.1643102 0.1189594 0.1991811 0.114417 0.1485191 0.1195095 0.1991299 0.09332357 0.1629764 0.08172749 0.204634 0.1189594 0.1991811 0.09654864 0.2118312 0.09197859 0.1658371 0.1195095 0.1991299 0.1149674 0.1484682 0.09332357 0.1629764 0.1189594 0.1991811 0.1169514 0.2174954 0.09654864 0.2118312 0.1304173 0.4845059 0.1404931 0.4208358 0.1588948 0.3586151 0.1404931 0.4208358 0.164738 0.3624215 0.2071252 0.352152 0.2071252 0.352152 0.164738 0.3624215 0.3416297 0.4376585 0.2731901 0.3234312 0.3416297 0.4376585 0.3383927 0.4889175 0.3144574 0.317034 0.3383927 0.4889175 0.2730615 0.3225055 0.3383927 0.4889175 0.2917922 0.4687333 0.2730615 0.3225055 0.1034619 0.09753343 0.07525466 0.1016118 0.1172549 0.09042165 0.1034619 0.09753343 0.114417 0.1485191 0.07922053 0.1120126 0.06881549 0.1865736 0.07525466 0.1016118 0.07922053 0.1120126 0.06881549 0.1865736 0.07164872 0.1608685 0.07525466 0.1016118 0.09332357 0.1629764 0.07525466 0.1016118 0.07164872 0.1608685 0.1034619 0.09753343 0.1172549 0.09042165 0.13619 0.08453422 0.13619 0.08453422 0.1383171 0.1115563 0.1034619 0.09753343 0.1172549 0.09042165 0.07525466 0.1016118 0.1389037 0.1115018 0.1149674 0.1484682 0.1389037 0.1115018 0.07525466 0.1016118 0.114417 0.1485191 0.1034619 0.09753343 0.1383171 0.1115563 0.07690044 0.2262737 0.08172749 0.204634 0.06379694 0.1953677 0.05692447 0.2271713 0.05680089 0.2271768 0.06379694 0.1953677 0.101505 0.2318896 0.1009681 0.2253033 0.1169514 0.2174954 0.08172749 0.204634 0.09332357 0.1629764 0.06379694 0.1953677 0.06379694 0.1953677 0.09332357 0.1629764 0.06390747 0.1954249 0.07164872 0.1608685 0.06390747 0.1954249 0.09332357 0.1629764 0.1169514 0.2174954 0.1195095 0.1991299 0.09996267 0.2265701 0.09996267 0.2265701 0.1195095 0.1991299 0.08172749 0.204634 0.09197859 0.1658371 0.09654864 0.2118312 0.08139312 0.1992359 0.07164872 0.1608685 0.06241902 0.1871849 0.06390747 0.1954249 0.09654864 0.2118312 0.1169514 0.2174954 0.1009681 0.2253033 0.09654864 0.2118312 0.08641496 0.2256279 0.06861392 0.2174103 0.06881549 0.1865736 0.06861392 0.2174103 0.05914103 0.2161625 0.08641496 0.2256279 0.1009681 0.2253033 0.09016826 0.2443401 0.05914103 0.2161625 0.06861392 0.2174103 0.0680202 0.2400196 0.05680089 0.2271768 0.05692447 0.2271713 0.05643491 0.2604577 0.05950692 0.262418 0.08344237 0.2321169 0.05510493 0.2366771 0.070228 0.2641026 0.05643491 0.2604577 0.08344237 0.2321169 0.05692447 0.2271713 0.08344237 0.2321169 0.05643491 0.2604577 0.0680202 0.2400196 0.09016826 0.2443401 0.05950692 0.262418 0.06181245 0.2622569 0.07690044 0.2262737 0.05680089 0.2271768 0.08344237 0.2321169 0.09016826 0.2443401 0.1009681 0.2253033 0.0680202 0.2400196 0.05950692 0.262418 0.05510493 0.2366771 0.070228 0.2641026 0.08344237 0.2321169 0.101505 0.2318896 0.05914103 0.2161625 0.05692447 0.2271713 0.06390747 0.1954249 0.08344237 0.2321169 0.05692447 0.2271713 0.05914103 0.2161625 0.09996267 0.2265701 0.101505 0.2318896 0.1169514 0.2174954 0.8774377 0.3497677 0.9080285 0.4002179 0.8779367 0.4160434 0.8905646 0.3387224 0.919522 0.3941714 0.9080285 0.4002179 0.8429422 0.3780317 0.8779367 0.4160434 0.8407412 0.4356046 0.9080285 0.4002179 0.9260434 0.4387331 0.9050732 0.4527482 0.919522 0.3941714 0.9340534 0.4333797 0.9260434 0.4387331 0.8779367 0.4160434 0.9050732 0.4527482 0.8764974 0.4726015 0.9260434 0.4387331 0.9437129 0.4829484 0.9279447 0.4934872 0.9260434 0.4387331 0.9340534 0.4333797 0.9497361 0.4789231 0.9050732 0.4527482 0.9279447 0.4934872 0.907593 0.5069908 0.9437129 0.4829484 0.9534803 0.5026201 0.9401744 0.5122194 0.907593 0.5069908 0.9279447 0.4934872 0.9401744 0.5122194 0.7658085 0.4412313 0.8003036 0.4129678 0.8459665 0.4550675 0.7658085 0.4412313 0.8395247 0.4692791 0.8214086 0.4718934 0.8224132 0.4483175 0.8459665 0.4550675 0.8407412 0.4356046 0.8214086 0.4718934 0.8395247 0.4692791 0.8224132 0.4483175 0.8166206 0.4530635 0.8224132 0.4483175 0.8764974 0.4726015 0.8723199 0.4763781 0.8764974 0.4726015 0.907593 0.5069908 0.9032016 0.5087228 0.907593 0.5069908 0.9312876 0.5260801 0.8459665 0.4550675 0.8224132 0.4483175 0.8395247 0.4692791 0.8003036 0.4129678 0.8407412 0.4356046 0.8459665 0.4550675 0.9312876 0.5260801 0.9406568 0.5121323 0.9296484 0.5268132 0.2633464 0.09301307 0.2539096 0.04228818 0.2769769 0.03774878 0.2904244 0.1403309 0.2709608 0.1429034 0.2633464 0.09301307 0.2320952 0.1484836 0.2126924 0.1514915 0.2120241 0.1005773 0.09846762 0.2249482 0.10001 0.2302669 0.1154566 0.2158733 0.0536099 0.2350549 0.05801186 0.2607958 0.08194744 0.2304944 0.08194744 0.2304944 0.05542928 0.2255498 0.05764612 0.21454 0.2710215 0.1433388 0.2634003 0.09339588 0.2291667 0.0983118 0.05764612 0.21454 0.05542928 0.2255498 0.06241246 0.1938028 0.08194744 0.2304944 0.08867326 0.2427181 0.099473 0.2236818 0.05764612 0.21454 0.06711882 0.2157887 0.0665253 0.2383972 0.05494004 0.258835 0.06873289 0.262481 0.06031746 0.2606349 0.07540544 0.2246516 0.06031746 0.2606349 0.06873289 0.262481 0.09048305 0.164215 0.09505372 0.2102092 0.07989811 0.1976139 0.0701536 0.159247 0.06241246 0.1938028 0.09182844 0.1613546 0.1154566 0.2158733 0.1180143 0.1975083 0.09846762 0.2249482 0.05801186 0.2607958 0.0665253 0.2383972 0.08867326 0.2427181 0.09846762 0.2249482 0.1180143 0.1975083 0.08023246 0.2030118 0.06230232 0.193746 0.09182844 0.1613546 0.06241246 0.1938028 0.08023246 0.2030118 0.09182844 0.1613546 0.06230232 0.193746 0.2744886 0.2394582 0.2195807 0.2473418 0.2320952 0.1484836 0.3019857 0.2358232 0.2904244 0.1403309 0.2710215 0.1433388 0.3019857 0.2358232 0.2744886 0.2394582 0.2709608 0.1429034 0.10001 0.2302669 0.099473 0.2236818 0.1154566 0.2158733 0.07540544 0.2246516 0.08023246 0.2030118 0.06230232 0.193746 0.07540544 0.2246516 0.06873289 0.262481 0.09846762 0.2249482 0.05542928 0.2255498 0.05530577 0.2255554 0.06230232 0.193746 0.2904244 0.1403309 0.2804902 0.09074689 0.2634003 0.09339588 0.2196664 0.2479561 0.2321557 0.148919 0.2126924 0.1514915 0.05801186 0.2607958 0.0536099 0.2350549 0.0665253 0.2383972 0.06732067 0.1849505 0.06711882 0.2157887 0.05764612 0.21454 0.2709608 0.1429034 0.2320952 0.1484836 0.229114 0.09792837 0.2321557 0.148919 0.2291667 0.0983118 0.2120241 0.1005773 0.09505372 0.2102092 0.08492003 0.2240057 0.06711882 0.2157887 0.08492003 0.2240057 0.099473 0.2236818 0.08867326 0.2427181 0.09505372 0.2102092 0.1154566 0.2158733 0.099473 0.2236818 0.0701536 0.159247 0.0609239 0.1855629 0.06241246 0.1938028 0.05542928 0.2255498 0.08194744 0.2304944 0.05494004 0.258835 0.1019669 0.09591165 0.1157597 0.0888003 0.134695 0.08291224 0.1157597 0.0888003 0.07375954 0.09998964 0.1374086 0.1098796 0.1019669 0.09591165 0.07375954 0.09998964 0.1157597 0.0888003 0.06732067 0.1849505 0.0701536 0.159247 0.07212759 0.120316 0.0777254 0.1103907 0.07212759 0.120316 0.07375954 0.09998964 0.1180143 0.1975083 0.1134725 0.1468465 0.09182844 0.1613546 0.0777254 0.1103907 0.112922 0.146897 0.09048305 0.164215 0.1174645 0.1975583 0.1154566 0.2158733 0.09505372 0.2102092 0.1174645 0.1975583 0.09505372 0.2102092 0.09048305 0.164215 0.2239146 0.368067 0.1649292 0.3575194 0.3171872 0.3417312 0.1019669 0.09591165 0.112922 0.146897 0.0777254 0.1103907 0.134695 0.08291224 0.136822 0.1099341 0.1019669 0.09591165 0.05530577 0.2255554 0.06031746 0.2606349 0.07540544 0.2246516 0.1134725 0.1468465 0.07375954 0.09998964 0.0701536 0.159247 0.112922 0.146897 0.1019669 0.09591165 0.136822 0.1099341 0.09048305 0.164215 0.07212759 0.120316 0.0777254 0.1103907 0.05530577 0.2255554 0.05494004 0.258835 0.06031746 0.2606349 0.2634003 0.09339588 0.2804902 0.09074689 0.2769769 0.03774878 0.1443765 0.1908918 0.1154566 0.2158733 0.1174645 0.1975583 0.1443765 0.1908918 0.1422493 0.1638693 0.1180143 0.1975083 0.2195807 0.2473418 0.2038858 0.2575389 0.2126924 0.1514915 0.134695 0.08291224 0.1157597 0.0888003 0.1374086 0.1098796 0.1180143 0.1975083 0.09182844 0.1613546 0.08023246 0.2030118 0.1416626 0.163924 0.1174645 0.1975583 0.112922 0.146897 0.229114 0.09792837 0.2078797 0.05188178 0.2539096 0.04228818 0.1422493 0.1638693 0.1374086 0.1098796 0.1134725 0.1468465 0.2120241 0.1005773 0.1849166 0.05693667 0.2078797 0.05188178 0.2120241 0.1005773 0.2291667 0.0983118 0.207984 0.05239726 0.2291667 0.0983118 0.2634003 0.09339588 0.2540143 0.0428037 0.2745741 0.2400724 0.2710215 0.1433388 0.2321557 0.148919 0.2761814 0.3225597 0.2208566 0.3086546 0.2195807 0.2473418 0.2763105 0.3234855 0.2745741 0.2400724 0.2196664 0.2479561 0.3175775 0.3170883 0.3019857 0.2358232 0.2745741 0.2400724 0.2239146 0.368067 0.2196664 0.2479561 0.2038858 0.2575389 0.1639675 0.3467734 0.1362334 0.4224672 0.2239146 0.368067 0.8413464 0.5696879 0.7894589 0.6710037 0.7942468 0.6330341 0.851368 0.6519217 0.7894589 0.6710037 0.8413464 0.5696879 0.3175775 0.3170883 0.3583175 0.4240405 0.3532072 0.5049641 0.9150105 0.6789504 0.851368 0.6519217 0.8721393 0.5774273 0.3583175 0.4240405 0.2763105 0.3234855 0.3171872 0.3417312 0.6416495 0.05459731 0.6631178 0.02670172 0.6739841 0.0344146 0.674593 0.01203697 0.6631178 0.02670172 0.6416495 0.05459731 0.6631178 0.02670172 0.6749853 0.01605537 0.6739841 0.0344146 0.6616691 0.02783792 0.7095908 0.05271959 0.6965856 0.03489683 0.674593 0.01203697 0.6749853 0.01605537 0.6631178 0.02670172 0.6416495 0.05459731 0.6684821 0.02030528 0.674593 0.01203697 0.6684821 0.02030528 0.6965856 0.03489683 0.6866112 0.01827668 0.6749853 0.01605537 0.674593 0.01203697 0.6866112 0.01827668 0.6866112 0.01827668 0.6767125 0.02673284 0.6749853 0.01605537 0.6739841 0.0344146 0.6749853 0.01605537 0.6767125 0.02673284 0.6866112 0.01827668 0.6965856 0.03489683 0.683325 0.04217651 0.683325 0.04217651 0.6694894 0.05628964 0.6767125 0.02673284 0.6739841 0.0344146 0.6767125 0.02673284 0.6694894 0.05628964 0.6733628 0.07898822 0.6592425 0.1170643 0.6670592 0.07263304 0.6733628 0.07898822 0.6694894 0.05628964 0.683325 0.04217651 0.6965856 0.03489683 0.7095908 0.05271959 0.6913555 0.06001667 0.6592425 0.1170643 0.6733628 0.07898822 0.6913555 0.06001667 0.5983965 0.6013213 0.4456615 0.6148364 0.4459121 0.6492625 0.6002314 0.853471 0.4473787 0.8507955 0.4480346 0.9409238 0.5993652 0.7344221 0.446568 0.7393908 0.4473787 0.8507955 0.5986642 0.6381093 0.4459121 0.6492625 0.446568 0.7393908 0.6009324 0.949784 0.4480346 0.9409238 0.448285 0.9753496 0.7506662 0.8469007 0.6002314 0.853471 0.6009324 0.949784 0.7499138 0.7435092 0.5993652 0.7344221 0.6002314 0.853471 0.7493051 0.6598638 0.5986642 0.6381093 0.5993652 0.7344221 0.7512749 0.9305463 0.6009324 0.949784 0.6012001 0.9865723 0.7490725 0.6279141 0.5983965 0.6013213 0.5986642 0.6381093 0.7499138 0.7435092 0.7506662 0.8469007 0.8256945 0.8176913 0.7512749 0.9305463 0.7515075 0.962496 0.8265357 0.9332864 0.1528604 0.3799229 0.1411602 0.424066 0.2239589 0.3597527 0.7506662 0.8469007 0.7512749 0.9305463 0.8263033 0.9013368 0.8249422 0.7142995 0.8256945 0.8176913 0.9158767 0.7886876 0.2755096 0.2420482 0.2772025 0.3251497 0.3185984 0.3196783 0.8263033 0.9013368 0.8265357 0.9332864 0.9164404 0.8661513 0.2029541 0.2621115 0.1630359 0.3513461 0.2121139 0.3152099 0.8256945 0.8176913 0.8263033 0.9013368 0.9162847 0.8447409 0.9525145 0.7785128 0.9153724 0.7194023 0.9158767 0.7886876 0.9516185 0.7703819 0.9149646 0.6633491 0.9153724 0.7194023 0.9545181 0.7966945 0.9162847 0.8447409 0.9164404 0.8661513 0.9512762 0.767276 0.9148089 0.6419386 0.9149646 0.6633491 0.9536219 0.7885635 0.9158767 0.7886876 0.9162847 0.8447409 0.9516185 0.7703819 0.9525145 0.7785128 0.9781039 0.7249346 0.9545181 0.7966945 0.9548602 0.7998003 0.9892458 0.7260501 0.9512762 0.767276 0.9516185 0.7703819 0.9781039 0.7249346 0.9536219 0.7885635 0.9545181 0.7966945 0.9892458 0.7260501 0.9525145 0.7785128 0.9536219 0.7885635 0.9892458 0.7260501 0.9750612 0.7246301 0.9781039 0.7249346 0.9687992 0.6898826 0.9781039 0.7249346 0.9892458 0.7260501 0.9815395 0.6886067 0.9815395 0.6886067 0.9832144 0.6884393 0.9800206 0.6699234 0.9671242 0.6900501 0.9687992 0.6898826 0.9664237 0.6712845 0.9687992 0.6898826 0.9815395 0.6886067 0.974488 0.6704772 0.965058 0.6714216 0.9664237 0.6712845 0.9681041 0.6576823 0.974488 0.6704772 0.9800206 0.6699234 0.9681041 0.6576823 0.9664237 0.6712845 0.974488 0.6704772 0.9681041 0.6576823 0.3764193 0.72061 0.446568 0.7393908 0.4459121 0.6492625 0.3894626 0.9698389 0.448285 0.9753496 0.4480346 0.9409238 0.3870152 0.6335264 0.4459121 0.6492625 0.4456615 0.6148364 0.3892043 0.9343334 0.4480346 0.9409238 0.4473787 0.8507955 0.3885279 0.841379 0.4473787 0.8507955 0.446568 0.7393908 0.2741989 0.8372054 0.3885279 0.841379 0.3764193 0.72061 0.2830495 0.4772711 0.2740823 0.3250955 0.1855606 0.3131734 0.3894626 0.9698389 0.3892043 0.9343334 0.2747967 0.919337 0.1855606 0.3131734 0.1628442 0.354266 0.1216742 0.4930437 0.3892043 0.9343334 0.3885279 0.841379 0.2741989 0.8372054 0.2718135 0.6860451 0.2856923 0.6445541 0.2247627 0.6780229 0.275025 0.9507087 0.2747967 0.919337 0.1526246 0.8725535 0.2747967 0.919337 0.2741989 0.8372054 0.168954 0.8126029 0.168954 0.8126029 0.2741989 0.8372054 0.2659166 0.7395669 0.1891383 0.7385002 0.2659166 0.7395669 0.2718135 0.6860451 0.1463874 0.8954526 0.1526246 0.8725535 0.0742288 0.8266053 0.2054673 0.6785494 0.2247627 0.6780229 0.1652979 0.6702724 0.1891383 0.7385002 0.2054673 0.6785494 0.1556837 0.6867772 0.1526246 0.8725535 0.168954 0.8126029 0.09939937 0.7833961 0.168954 0.8126029 0.1891383 0.7385002 0.1305128 0.7299864 0.6292436 0.1758145 0.3799401 0.2341698 0.3989259 0.2872875 0.6261251 0.2044711 0.3587132 0.1747831 0.36458 0.1911974 0.6123794 0.08623628 0.6557058 0.1169896 0.6635218 0.07255856 0.5623437 0.2525021 0.3989259 0.2872875 0.4142859 0.3302602 0.50822 0.3145433 0.4142859 0.3302602 0.4169091 0.334779 0.7601382 0.1332726 0.6261251 0.2044711 0.6054515 0.228169 0.7407102 0.153362 0.6054515 0.228169 0.6292436 0.1758145 0.6269765 0.2709688 0.5623437 0.2525021 0.50822 0.3145433 0.5884179 0.3110125 0.50822 0.3145433 0.5407415 0.3262912 0.6898475 0.2059578 0.6292436 0.1758145 0.5623437 0.2525021 0.8183275 0.2110451 0.7601382 0.1332726 0.7407102 0.153362 0.8025324 0.2285242 0.7407102 0.153362 0.6898475 0.2059578 0.7100644 0.3308517 0.6269765 0.2709688 0.5884179 0.3110125 0.6687117 0.3766134 0.5884179 0.3110125 0.5671244 0.3290518 0.7611791 0.2742868 0.6898475 0.2059578 0.6269765 0.2709688 0.8183275 0.2110451 0.8025324 0.2285242 0.8393414 0.2808149 0.8025324 0.2285242 0.7611791 0.2742868 0.8036157 0.3203493 0.7100644 0.3308517 0.6687117 0.3766134 0.7237302 0.4087525 0.6687117 0.3766134 0.6529164 0.3940929 0.7100844 0.4238535 0.7611791 0.2742868 0.7100644 0.3308517 0.7594557 0.3692177 0.8756247 0.3473112 0.8393414 0.2808149 0.8036157 0.3203493 0.7984912 0.4105116 0.7594557 0.3692177 0.7237302 0.4087525 0.7639955 0.4387751 0.7237302 0.4087525 0.7100844 0.4238535 0.8411294 0.3755752 0.8036157 0.3203493 0.7594557 0.3692177 0.888752 0.3362659 0.8529872 0.2657139 0.8393414 0.2808149 0.3154779 0.319624 0.2742107 0.3260213 0.2724752 0.2426085 0.2179098 0.3616811 0.1628442 0.354266 0.2027629 0.2650312 0.2174812 0.2498776 0.1855606 0.3131734 0.2740823 0.3250955 0.2742107 0.3260213 0.2179098 0.3616811 0.2175672 0.2504926 0.2027629 0.2650312 0.1628442 0.354266 0.1855606 0.3131734 0.2723893 0.2419939 0.2740823 0.3250955 0.3154779 0.319624 0.2724752 0.2426085 0.2175672 0.2504926 0.2300561 0.1514552 0.2105929 0.1540276 0.2027629 0.2650312 0.2174812 0.2498776 0.2688614 0.1454395 0.2723893 0.2419939 0.2998861 0.2383592 0.2998861 0.2383592 0.2724752 0.2426085 0.2689222 0.1458746 0.2175672 0.2504926 0.2027629 0.2650312 0.2105929 0.1540276 0.2299958 0.1510201 0.2174812 0.2498776 0.2723893 0.2419939 0.2883244 0.1428671 0.2689222 0.1458746 0.2613007 0.09593242 0.2300561 0.1514552 0.2105929 0.1540276 0.2099242 0.1031135 0.2270145 0.1004641 0.2299958 0.1510201 0.2688614 0.1454395 0.2689222 0.1458746 0.2300561 0.1514552 0.2270679 0.1008476 0.2099242 0.1031135 0.2105929 0.1540276 0.2299958 0.1510201 0.2612475 0.09554886 0.2688614 0.1454395 0.2883244 0.1428671 0.2612475 0.09554886 0.2783907 0.09328303 0.274877 0.04028486 0.274877 0.04028486 0.2783907 0.09328303 0.2613007 0.09593242 0.2058844 0.05493339 0.2270679 0.1008476 0.2099242 0.1031135 0.2270145 0.1004641 0.2612475 0.09554886 0.2518101 0.04482395 0.2519144 0.04533943 0.2613007 0.09593242 0.2270679 0.1008476 0.2099242 0.1031135 0.2270145 0.1004641 0.2057806 0.05441796 0.1179776 0.1476261 0.1419135 0.1106597 0.1467547 0.1646494 0.1488818 0.1916708 0.1461681 0.1647034 0.1219695 0.1983382 0.1392 0.08369228 0.1419135 0.1106597 0.1202649 0.08957928 0.1225195 0.1982874 0.1467547 0.1646494 0.1488818 0.1916708 0.1461681 0.1647034 0.1413269 0.1107143 0.1174272 0.1476763 0.1225195 0.1982874 0.08473735 0.2037919 0.09633341 0.1621346 0.1219695 0.1983382 0.1174272 0.1476763 0.09498853 0.1649947 0.1225195 0.1982874 0.09633341 0.1621346 0.1179776 0.1476261 0.1219695 0.1983382 0.0995587 0.2109889 0.1199616 0.2166533 0.1216742 0.4930437 0.1628442 0.354266 0.1385848 0.4194607 0.1385848 0.4194607 0.1628442 0.354266 0.2179098 0.3616811 0.3514372 0.4362833 0.1628294 0.3610464 0.2179098 0.3616811 0.3482001 0.4875424 0.3514372 0.4362833 0.2742107 0.3260213 0.3154779 0.319624 0.2740823 0.3250955 0.3482001 0.4875424 0.3482001 0.4875424 0.2740823 0.3250955 0.2830495 0.4772711 0.07465858 0.1600267 0.07182556 0.1857308 0.07785512 0.1213149 0.1064721 0.09669076 0.07826462 0.1007693 0.08223049 0.1111699 0.1064721 0.09669076 0.08223049 0.1111699 0.1174272 0.1476763 0.08223049 0.1111699 0.07826462 0.1007693 0.07785512 0.1213149 0.08645435 0.1289534 0.07826462 0.1007693 0.1419135 0.1106597 0.07826462 0.1007693 0.08645435 0.1289534 0.07785512 0.1213149 0.1064721 0.09669076 0.1392 0.08369228 0.1202649 0.08957928 0.1392 0.08369228 0.1064721 0.09669076 0.1413269 0.1107143 0.1202649 0.08957928 0.1419135 0.1106597 0.07826462 0.1007693 0.1419135 0.1106597 0.1179776 0.1476261 0.08645435 0.1289534 0.09633341 0.1621346 0.07465858 0.1600267 0.08645435 0.1289534 0.09498853 0.1649947 0.08223049 0.1111699 0.07182556 0.1857308 0.1174272 0.1476763 0.1413269 0.1107143 0.1064721 0.09669076 0.09317834 0.2434975 0.06251734 0.2615758 0.08645242 0.2312745 0.1029728 0.2257274 0.104515 0.231047 0.07323807 0.26326 0.07991051 0.2254312 0.0598109 0.2263343 0.06680701 0.1945253 0.06680701 0.1945253 0.0598109 0.2263343 0.05993453 0.2263286 0.104515 0.231047 0.1039782 0.2244608 0.08645242 0.2312745 0.06605566 0.2368814 0.06215116 0.2153199 0.06251734 0.2615758 0.06215116 0.2153199 0.08645242 0.2312745 0.06251734 0.2615758 0.08473735 0.2037919 0.06680701 0.1945253 0.09633341 0.1621346 0.06680701 0.1945253 0.06691753 0.1945826 0.09633341 0.1621346 0.07465858 0.1600267 0.09633341 0.1621346 0.06691753 0.1945826 0.1199616 0.2166533 0.1029728 0.2257274 0.1225195 0.1982874 0.1029728 0.2257274 0.07991051 0.2254312 0.08473735 0.2037919 0.08440308 0.1983937 0.0995587 0.2109889 0.09498853 0.1649947 0.07465858 0.1600267 0.06691753 0.1945826 0.06542896 0.186343 0.08440308 0.1983937 0.07182556 0.1857308 0.07755749 0.2193075 0.1039782 0.2244608 0.1199616 0.2166533 0.0995587 0.2109889 0.0995587 0.2109889 0.08440308 0.1983937 0.07755749 0.2193075 0.07182556 0.1857308 0.06542896 0.186343 0.06215116 0.2153199 0.09317834 0.2434975 0.1039782 0.2244608 0.07755749 0.2193075 0.06605566 0.2368814 0.07755749 0.2193075 0.06215116 0.2153199 0.05941195 0.2596041 0.07323807 0.26326 0.0649225 0.2614481 0.05993453 0.2263286 0.0649225 0.2614481 0.08645242 0.2312745 0.05993453 0.2263286 0.05941195 0.2596041 0.0649225 0.2614481 0.08645242 0.2312745 0.1039782 0.2244608 0.09317834 0.2434975 0.06691753 0.1945826 0.05993453 0.2263286 0.06215116 0.2153199 0.08645242 0.2312745 0.06215116 0.2153199 0.05993453 0.2263286 0.1029728 0.2257274 0.1199616 0.2166533 0.104515 0.231047 0.8756247 0.3473112 0.8411294 0.3755752 0.8761237 0.4135873 0.888752 0.3362659 0.8756247 0.3473112 0.9062158 0.3977614 0.8411294 0.3755752 0.7984912 0.4105116 0.8389284 0.4331484 0.9062158 0.3977614 0.8761237 0.4135873 0.9032604 0.4502918 0.9177092 0.3917153 0.9062158 0.3977614 0.9242306 0.4362766 0.8761237 0.4135873 0.8389284 0.4331484 0.8746849 0.4701453 0.9242306 0.4362766 0.9032604 0.4502918 0.9261316 0.4910308 0.947923 0.4764666 0.9322406 0.4309232 0.9242306 0.4362766 0.9032604 0.4502918 0.8746849 0.4701453 0.90578 0.5045339 0.9419003 0.4804923 0.9261316 0.4910308 0.9383613 0.5097633 0.947923 0.4764666 0.9419003 0.4804923 0.9496374 0.5022266 0.9383613 0.5097633 0.9261316 0.4910308 0.90578 0.5045339 0.8441533 0.452611 0.7984912 0.4105116 0.7639955 0.4387751 0.7639955 0.4387751 0.7508194 0.4495713 0.8195961 0.4694368 0.8224132 0.4483175 0.8407412 0.4356046 0.8459665 0.4550675 0.8224132 0.4483175 0.8395247 0.4692791 0.8214086 0.4718934 0.8746849 0.4701453 0.8206002 0.445861 0.8148078 0.4506069 0.90578 0.5045339 0.8746849 0.4701453 0.8705069 0.4739217 0.9278358 0.5243567 0.90578 0.5045339 0.9013891 0.5062662 0.8459665 0.4550675 0.8395247 0.4692791 0.8224132 0.4483175 0.8003036 0.4129678 0.8459665 0.4550675 0.8407412 0.4356046 0.9388437 0.5096758 0.9516675 0.5001639 0.9496374 0.5022266 0.2643677 0.09560318 0.2815113 0.09333698 0.2779978 0.04033879 0.2643677 0.09560318 0.2719819 0.1454934 0.2914452 0.142921 0.213045 0.1031674 0.2137136 0.1540815 0.2331159 0.1510744 0.05791692 0.2579817 0.05831589 0.2247123 0.07841549 0.223809 0.05661996 0.2342128 0.06065612 0.2136977 0.08495739 0.2296523 0.08495739 0.2296523 0.06065612 0.2136977 0.05843945 0.2247068 0.213045 0.1031674 0.2331766 0.1515091 0.2137136 0.1540815 0.06542251 0.1929602 0.05843945 0.2247068 0.06065612 0.2136977 0.08495739 0.2296523 0.1024831 0.2228386 0.09168331 0.2418753 0.06953523 0.2375554 0.07012887 0.2149458 0.06065612 0.2136977 0.08290816 0.1967712 0.09806366 0.2093669 0.0934931 0.1633726 0.1404188 0.1090373 0.1164825 0.1460037 0.0767697 0.0991473 0.117083 0.2104332 0.1014782 0.2241052 0.1210246 0.1966653 0.1014782 0.2241052 0.07841549 0.223809 0.08324254 0.2021694 0.06531239 0.1929034 0.06542251 0.1929602 0.09483849 0.1605121 0.08324254 0.2021694 0.06531239 0.1929034 0.09483849 0.1605121 0.2331159 0.1510744 0.220602 0.2499318 0.2755096 0.2420482 0.3030061 0.2384131 0.2755952 0.2426625 0.2720426 0.1459288 0.2719819 0.1454934 0.2755096 0.2420482 0.3030061 0.2384131 0.07841549 0.223809 0.05831589 0.2247123 0.06531239 0.1929034 0.05843945 0.2247068 0.05791692 0.2579817 0.06342746 0.259826 0.06531239 0.1929034 0.05831589 0.2247123 0.05843945 0.2247068 0.1452595 0.1630272 0.1473867 0.1900491 0.1210246 0.1966653 0.2331766 0.1515091 0.2720426 0.1459288 0.2755952 0.2426625 0.07033064 0.1841086 0.06393398 0.1847207 0.06065612 0.2136977 0.2301349 0.1005184 0.2331159 0.1510744 0.2719819 0.1454934 0.2090046 0.05498729 0.213045 0.1031674 0.1859375 0.0595267 0.09806366 0.2093669 0.08290816 0.1967712 0.07012887 0.2149458 0.08793011 0.2231635 0.07012887 0.2149458 0.06953523 0.2375554 0.07989811 0.1976139 0.06732067 0.1849505 0.06711882 0.2157887 0.09168331 0.2418753 0.1024831 0.2228386 0.08793011 0.2231635 0.1024831 0.2228386 0.117083 0.2104332 0.09806366 0.2093669 0.0745266 0.1193626 0.0767697 0.0991473 0.1164825 0.1460037 0.05791692 0.2579817 0.05843945 0.2247068 0.05831589 0.2247123 0.07174294 0.2616383 0.05791692 0.2579817 0.07841549 0.223809 0.104977 0.09506878 0.1377051 0.08206969 0.1187699 0.08795708 0.1187699 0.08795708 0.1404188 0.1090373 0.0767697 0.0991473 0.104977 0.09506878 0.0767697 0.0991473 0.08073556 0.1095478 0.08073556 0.1095478 0.0767697 0.0991473 0.0745266 0.1193626 0.1210246 0.1966653 0.09483849 0.1605121 0.1164825 0.1460037 0.08470308 0.1276835 0.115932 0.1460546 0.08073556 0.1095478 0.1204743 0.1967165 0.09806366 0.2093669 0.117083 0.2104332 0.1174645 0.1975583 0.112922 0.146897 0.09048305 0.164215 0.3182083 0.3443212 0.1610683 0.3501964 0.2239589 0.3597527 0.104977 0.09506878 0.08073556 0.1095478 0.115932 0.1460546 0.1377051 0.08206969 0.104977 0.09506878 0.1398321 0.109092 0.1024831 0.2228386 0.1014782 0.2241052 0.117083 0.2104332 0.09483849 0.1605121 0.06542251 0.1929602 0.06393398 0.1847207 0.115932 0.1460546 0.1398321 0.109092 0.104977 0.09506878 0.07174294 0.2616383 0.06342746 0.259826 0.05791692 0.2579817 0.08470308 0.1276835 0.08073556 0.1095478 0.0745266 0.1193626 0.2779978 0.04033879 0.2815113 0.09333698 0.2644215 0.09598597 0.1473867 0.1900491 0.144673 0.1630813 0.1204743 0.1967165 0.2720426 0.1459288 0.2644215 0.09598597 0.2914452 0.142921 0.2137136 0.1540815 0.2029541 0.2621115 0.220602 0.2499318 0.1377051 0.08206969 0.1404188 0.1090373 0.1187699 0.08795708 0.1210246 0.1966653 0.08324254 0.2021694 0.09483849 0.1605121 0.144673 0.1630813 0.1398321 0.109092 0.115932 0.1460546 0.2301349 0.1005184 0.2643677 0.09560318 0.2549306 0.04487825 0.2550348 0.0453937 0.2644215 0.09598597 0.2357979 0.08497301 0.2206871 0.2505461 0.2029541 0.2621115 0.2137136 0.1540815 0.220602 0.2499318 0.2121139 0.3152099 0.2772025 0.3251497 0.2206871 0.2505461 0.2137136 0.1540815 0.2331766 0.1515091 0.3185984 0.3196783 0.2773314 0.3260755 0.2755952 0.2426625 0.2755952 0.2426625 0.2206871 0.2505461 0.2331766 0.1515091 0.2206871 0.2505461 0.2755952 0.2426625 0.2773314 0.3260755 0.7969888 0.6339239 0.7856799 0.6735487 0.8364806 0.5733365 0.847589 0.6544668 0.8727076 0.5788689 0.8364806 0.5733365 0.895748 0.5758235 0.9155785 0.6803921 0.9184228 0.6353513 0.9155785 0.6803921 0.895748 0.5758235 0.8727076 0.5788689 0.8826069 0.6086562 0.9149646 0.6633491 0.9148089 0.6419386 0.6381122 0.05452249 0.6635218 0.07255856 0.6704468 0.03433985 0.6710557 0.01196175 0.6381122 0.05452249 0.6595804 0.02662686 0.6595804 0.02662686 0.6704468 0.03433985 0.6714482 0.01598056 0.6930482 0.03482193 0.7060531 0.05264469 0.6581318 0.02776303 0.6710557 0.01196175 0.6595804 0.02662686 0.6714482 0.01598056 0.6649447 0.02023039 0.6381122 0.05452249 0.6710557 0.01196175 0.6830738 0.01820197 0.6930482 0.03482193 0.6649447 0.02023039 0.6714482 0.01598056 0.6830738 0.01820197 0.6710557 0.01196175 0.6830738 0.01820197 0.6714482 0.01598056 0.6731752 0.02665799 0.6704468 0.03433985 0.6731752 0.02665799 0.6714482 0.01598056 0.6797879 0.04210205 0.6930482 0.03482193 0.6830738 0.01820197 0.6797879 0.04210205 0.6731752 0.02665799 0.6659518 0.0562148 0.6704468 0.03433985 0.6635218 0.07255856 0.6659518 0.0562148 0.669825 0.07891332 0.6659518 0.0562148 0.6635218 0.07255856 0.669825 0.07891332 0.6878184 0.05994182 0.6797879 0.04210205 0.6878184 0.05994182 0.7060531 0.05264469 0.6930482 0.03482193 0.6557058 0.1169896 0.7060531 0.05264469 0.6878184 0.05994182 0.4450825 0.6475278 0.597567 0.5995865 0.5978348 0.6363745 0.4472049 0.9391891 0.5994019 0.8517363 0.6001028 0.9480494 0.4465491 0.8490608 0.5985355 0.7326874 0.5994019 0.8517363 0.4457383 0.737656 0.5978348 0.6363745 0.5985355 0.7326874 0.4474555 0.9736149 0.6001028 0.9480494 0.6003706 0.9848374 0.6001028 0.9480494 0.7498363 0.8451659 0.750445 0.9288116 0.5994019 0.8517363 0.7490838 0.7417744 0.7498363 0.8451659 0.5985355 0.7326874 0.7484752 0.6581292 0.7490838 0.7417744 0.6003706 0.9848374 0.750445 0.9288116 0.7506775 0.9607613 0.5978348 0.6363745 0.7482426 0.6261793 0.7484752 0.6581292 0.7490838 0.7417744 0.8248646 0.8159565 0.7498363 0.8451659 0.750445 0.9288116 0.8257058 0.9315516 0.7506775 0.9607613 0.2239146 0.368067 0.1528154 0.3882371 0.1649292 0.3575194 0.7498363 0.8451659 0.8254732 0.8996021 0.750445 0.9288116 0.8241122 0.7125648 0.9150476 0.7869529 0.8248646 0.8159565 0.3175775 0.3170883 0.2744886 0.2394582 0.3019857 0.2358232 0.8254732 0.8996021 0.9156113 0.8644165 0.8257058 0.9315516 0.2208566 0.3086546 0.2038858 0.2575389 0.2195807 0.2473418 0.8248646 0.8159565 0.9154555 0.8430061 0.8254732 0.8996021 0.9150476 0.7869529 0.9516845 0.7767781 0.9527924 0.7868288 0.9145434 0.7176676 0.9679272 0.7437887 0.9516845 0.7767781 0.9156113 0.8644165 0.953688 0.7949597 0.9540301 0.7980655 0.9141355 0.6616143 0.9504469 0.7655414 0.9679272 0.7437887 0.9154555 0.8430061 0.9527924 0.7868288 0.953688 0.7949597 0.9679272 0.7437887 0.9845729 0.7239308 0.9516845 0.7767781 0.953688 0.7949597 0.988416 0.7243153 0.9540301 0.7980655 0.9504469 0.7655414 0.9742315 0.7228953 0.9679272 0.7437887 0.9527924 0.7868288 0.9845729 0.7239308 0.953688 0.7949597 0.9516845 0.7767781 0.9845729 0.7239308 0.9527924 0.7868288 0.9742315 0.7228953 0.9662947 0.6883154 0.9845729 0.7239308 0.9845729 0.7239308 0.9823849 0.6867044 0.988416 0.7243153 0.9662947 0.6883154 0.9759812 0.66851 0.9823849 0.6867044 0.9642283 0.6696869 0.9672746 0.6559476 0.9759812 0.66851 0.9759812 0.66851 0.9672746 0.6559476 0.9791905 0.6681887 0.4450825 0.6475278 0.3755894 0.7188753 0.386186 0.6317917 0.4472049 0.9391891 0.3886335 0.9681041 0.3883751 0.9325987 0.4249149 0.4680953 0.3383927 0.4889175 0.3416297 0.4376585 0.4465491 0.8490608 0.3883751 0.9325987 0.3876986 0.8396444 0.4457383 0.737656 0.3876986 0.8396444 0.3755894 0.7188753 0.3755894 0.7188753 0.2733695 0.8354707 0.2650868 0.7378322 0.2917922 0.4687333 0.2040673 0.3224789 0.2730615 0.3225055 0.3886335 0.9681041 0.2739671 0.9176023 0.3883751 0.9325987 0.3883751 0.9325987 0.2733695 0.8354707 0.3876986 0.8396444 0.2717999 0.6843103 0.2247494 0.6762882 0.285679 0.6428194 0.2741955 0.9489741 0.1517952 0.8708187 0.2739671 0.9176023 0.2739671 0.9176023 0.1681245 0.8108683 0.2733695 0.8354707 0.2650868 0.7378322 0.1681245 0.8108683 0.1883086 0.7367655 0.2717999 0.6843103 0.1883086 0.7367655 0.2046379 0.6768147 0.1455577 0.8937178 0.07339881 0.8248706 0.1517952 0.8708187 0.2046379 0.6768147 0.1644684 0.6685377 0.2247494 0.6762882 0.1883086 0.7367655 0.154854 0.6850424 0.2046379 0.6768147 0.1517952 0.8708187 0.09856988 0.7816615 0.1681245 0.8108683 0.1681245 0.8108683 0.1296829 0.7282516 0.1883086 0.7367655 0.4006075 0.2876992 0.6300012 0.1785498 0.5631009 0.2552373 0.3662616 0.1916088 0.6268826 0.2072063 0.6062095 0.2309045 0.6159164 0.08631108 0.6670592 0.07263304 0.6592425 0.1170643 0.4159673 0.3306718 0.5631009 0.2552373 0.5089774 0.3172791 0.4196717 0.3405976 0.5089774 0.3172791 0.5412192 0.3290913 0.6062095 0.2309045 0.7613384 0.1360314 0.7419103 0.1561208 0.6300012 0.1785498 0.7419103 0.1561208 0.6910475 0.2087166 0.5089774 0.3172791 0.6281769 0.2737271 0.5893403 0.3138812 0.5412192 0.3290913 0.5893403 0.3138812 0.5680465 0.3319199 0.5631009 0.2552373 0.6910475 0.2087166 0.6281769 0.2737271 0.7419103 0.1561208 0.8201406 0.2135012 0.8043453 0.2309807 0.6910475 0.2087166 0.8043453 0.2309807 0.7629922 0.2767429 0.5893403 0.3138812 0.7118776 0.3333082 0.6705247 0.37907 0.5680465 0.3319199 0.6705247 0.37907 0.654729 0.3965495 0.6281769 0.2737271 0.7629922 0.2767429 0.7118776 0.3333082 0.8201406 0.2135012 0.841154 0.283271 0.8043453 0.2309807 0.8043453 0.2309807 0.8054284 0.3228063 0.7629922 0.2767429 0.7118776 0.3333082 0.7255433 0.411209 0.6705247 0.37907 0.6705247 0.37907 0.7118971 0.42631 0.654729 0.3965495 0.7629922 0.2767429 0.7612689 0.3716738 0.7118776 0.3333082 0.8054284 0.3228063 0.8774377 0.3497677 0.8429422 0.3780317 0.7255433 0.411209 0.8003036 0.4129678 0.7658085 0.4412313 0.7118971 0.42631 0.7658085 0.4412313 0.7526323 0.4520275 0.7612689 0.3716738 0.8429422 0.3780317 0.8003036 0.4129678 0.841154 0.283271 0.8905646 0.3387224 0.8774377 0.3497677 0.3144574 0.317034 0.2714543 0.2400185 0.2731901 0.3234312 0.2071252 0.352152 0.1988129 0.2693802 0.1588948 0.3586151 0.2730615 0.3225055 0.2164607 0.2472876 0.2713687 0.2394039 0.2731901 0.3234312 0.216546 0.2479025 0.2071252 0.352152 0.2040673 0.3224789 0.1988129 0.2693802 0.2164607 0.2472876 0.3144574 0.317034 0.2713687 0.2394039 0.2988653 0.2357692 0.2714543 0.2400185 0.2290358 0.1488649 0.216546 0.2479025 0.2164607 0.2472876 0.2095723 0.1514376 0.2289749 0.1484301 0.2988653 0.2357692 0.2678408 0.1428495 0.2873042 0.1402767 0.2988653 0.2357692 0.2679016 0.1432846 0.2714543 0.2400185 0.216546 0.2479025 0.2095723 0.1514376 0.1988129 0.2693802 0.2713687 0.2394039 0.2289749 0.1484301 0.2678408 0.1428495 0.2873042 0.1402767 0.2602802 0.09334236 0.2679016 0.1432846 0.2290358 0.1488649 0.208904 0.1005235 0.2095723 0.1514376 0.2678408 0.1428495 0.2259938 0.09787408 0.260227 0.09295888 0.2679016 0.1432846 0.2260472 0.09825762 0.2290358 0.1488649 0.2289749 0.1484301 0.208904 0.1005235 0.2259938 0.09787408 0.2873042 0.1402767 0.260227 0.09295888 0.27737 0.09069268 0.260227 0.09295888 0.2738566 0.03769488 0.27737 0.09069268 0.2602802 0.09334236 0.2738566 0.03769488 0.2508938 0.04274943 0.208904 0.1005235 0.2048637 0.052343 0.1817967 0.05688245 0.2259938 0.09787408 0.2507895 0.04223395 0.260227 0.09295888 0.2260472 0.09825762 0.2508938 0.04274943 0.2048637 0.052343 0.208904 0.1005235 0.2047597 0.05182756 0.2259938 0.09787408 0.1437442 0.1654917 0.1149674 0.1484682 0.1195095 0.1991299 0.1391527 0.1727373 0.1189594 0.1991811 0.1383046 0.1643102 0.1391527 0.1727373 0.1195095 0.1991299 0.1169514 0.2174954 0.1383046 0.1643102 0.114417 0.1485191 0.1383171 0.1115563 0.1189594 0.1991811 0.09197859 0.1658371 0.114417 0.1485191 0.1404931 0.4208358 0.2071252 0.352152 0.1588948 0.3586151 0.2071252 0.352152 0.3416297 0.4376585 0.2731901 0.3234312 0.2731901 0.3234312 0.3383927 0.4889175 0.3144574 0.317034 0.1034619 0.09753343 0.07922053 0.1120126 0.07525466 0.1016118 0.07690044 0.2262737 0.06379694 0.1953677 0.05680089 0.2271768 0.05692447 0.2271713 0.06379694 0.1953677 0.06390747 0.1954249 0.101505 0.2318896 0.08344237 0.2321169 0.1009681 0.2253033 0.09996267 0.2265701 0.08172749 0.204634 0.07690044 0.2262737 0.09197859 0.1658371 0.08139312 0.1992359 0.06881549 0.1865736 0.08139312 0.1992359 0.06861392 0.2174103 0.06881549 0.1865736 0.09654864 0.2118312 0.1009681 0.2253033 0.08641496 0.2256279 0.09654864 0.2118312 0.06861392 0.2174103 0.08139312 0.1992359 0.06881549 0.1865736 0.05914103 0.2161625 0.06241902 0.1871849 0.08641496 0.2256279 0.09016826 0.2443401 0.0680202 0.2400196 0.08641496 0.2256279 0.0680202 0.2400196 0.06861392 0.2174103 0.05914103 0.2161625 0.0680202 0.2400196 0.05510493 0.2366771 0.05643491 0.2604577 0.070228 0.2641026 0.06181245 0.2622569 0.070228 0.2641026 0.09996267 0.2265701 0.07690044 0.2262737 0.06181245 0.2622569 0.05680089 0.2271768 0.05643491 0.2604577 0.09016826 0.2443401 0.08344237 0.2321169 0.05950692 0.262418 0.070228 0.2641026 0.07690044 0.2262737 0.06181245 0.2622569 0.070228 0.2641026 0.101505 0.2318896 0.09996267 0.2265701 0.05510493 0.2366771 0.08344237 0.2321169 0.05914103 0.2161625 0.05914103 0.2161625 0.06390747 0.1954249 0.06241902 0.1871849 0.8774377 0.3497677 0.8779367 0.4160434 0.8429422 0.3780317 0.8905646 0.3387224 0.9080285 0.4002179 0.8774377 0.3497677 0.8429422 0.3780317 0.8407412 0.4356046 0.8003036 0.4129678 0.9080285 0.4002179 0.9050732 0.4527482 0.8779367 0.4160434 0.919522 0.3941714 0.9260434 0.4387331 0.9080285 0.4002179 0.8779367 0.4160434 0.8764974 0.4726015 0.8407412 0.4356046 0.9260434 0.4387331 0.9279447 0.4934872 0.9050732 0.4527482 0.9260434 0.4387331 0.9497361 0.4789231 0.9437129 0.4829484 0.9050732 0.4527482 0.907593 0.5069908 0.8764974 0.4726015 0.9437129 0.4829484 0.9401744 0.5122194 0.9279447 0.4934872 0.9497361 0.4789231 0.9534803 0.5026201 0.9437129 0.4829484 0.907593 0.5069908 0.9401744 0.5122194 0.9312876 0.5260801 0.7658085 0.4412313 0.8459665 0.4550675 0.8395247 0.4692791 0.7658085 0.4412313 0.8214086 0.4718934 0.7526323 0.4520275 0.8214086 0.4718934 0.8224132 0.4483175 0.8166206 0.4530635 0.8407412 0.4356046 0.8764974 0.4726015 0.8224132 0.4483175 0.8166206 0.4530635 0.8764974 0.4726015 0.8723199 0.4763781 0.8723199 0.4763781 0.907593 0.5069908 0.9032016 0.5087228 0.9032016 0.5087228 0.9312876 0.5260801 0.9296484 0.5268132 0.9406568 0.5121323 0.9312876 0.5260801 0.9401744 0.5122194 0.9534803 0.5026201 0.9406568 0.5121323 0.9401744 0.5122194 0.2633464 0.09301307 0.2769769 0.03774878 0.2804902 0.09074689 0.2904244 0.1403309 0.2633464 0.09301307 0.2804902 0.09074689 0.2320952 0.1484836 0.2120241 0.1005773 0.229114 0.09792837 0.0536099 0.2350549 0.08194744 0.2304944 0.05764612 0.21454 0.2710215 0.1433388 0.2291667 0.0983118 0.2321557 0.148919 0.05764612 0.21454 0.06241246 0.1938028 0.0609239 0.1855629 0.06873289 0.262481 0.10001 0.2302669 0.09846762 0.2249482 0.05764612 0.21454 0.0665253 0.2383972 0.0536099 0.2350549 0.08867326 0.2427181 0.08194744 0.2304944 0.05801186 0.2607958 0.09048305 0.164215 0.07989811 0.1976139 0.06732067 0.1849505 0.09846762 0.2249482 0.08023246 0.2030118 0.07540544 0.2246516 0.2744886 0.2394582 0.2320952 0.1484836 0.2709608 0.1429034 0.3019857 0.2358232 0.2710215 0.1433388 0.2745741 0.2400724 0.3019857 0.2358232 0.2709608 0.1429034 0.2904244 0.1403309 0.10001 0.2302669 0.08194744 0.2304944 0.099473 0.2236818 0.07540544 0.2246516 0.06230232 0.193746 0.05530577 0.2255554 0.05542928 0.2255498 0.06230232 0.193746 0.06241246 0.1938028 0.2904244 0.1403309 0.2634003 0.09339588 0.2710215 0.1433388 0.2196664 0.2479561 0.2126924 0.1514915 0.2038858 0.2575389 0.06732067 0.1849505 0.05764612 0.21454 0.0609239 0.1855629 0.2709608 0.1429034 0.229114 0.09792837 0.2633464 0.09301307 0.2321557 0.148919 0.2120241 0.1005773 0.2126924 0.1514915 0.09505372 0.2102092 0.06711882 0.2157887 0.07989811 0.1976139 0.06873289 0.262481 0.08194744 0.2304944 0.10001 0.2302669 0.08492003 0.2240057 0.0665253 0.2383972 0.06711882 0.2157887 0.07989811 0.1976139 0.06711882 0.2157887 0.06732067 0.1849505 0.08492003 0.2240057 0.08867326 0.2427181 0.0665253 0.2383972 0.09505372 0.2102092 0.099473 0.2236818 0.08492003 0.2240057 0.1019669 0.09591165 0.0777254 0.1103907 0.07375954 0.09998964 0.1174645 0.1975583 0.09048305 0.164215 0.112922 0.146897 0.2239146 0.368067 0.3171872 0.3417312 0.2763105 0.3234855 0.05494004 0.258835 0.05530577 0.2255554 0.05542928 0.2255498 0.06873289 0.262481 0.05494004 0.258835 0.08194744 0.2304944 0.2634003 0.09339588 0.2769769 0.03774878 0.2540143 0.0428037 0.1443765 0.1908918 0.1174645 0.1975583 0.1416626 0.163924 0.1443765 0.1908918 0.1180143 0.1975083 0.1154566 0.2158733 0.2195807 0.2473418 0.2126924 0.1514915 0.2320952 0.1484836 0.1416626 0.163924 0.112922 0.146897 0.136822 0.1099341 0.229114 0.09792837 0.2539096 0.04228818 0.2633464 0.09301307 0.1422493 0.1638693 0.1134725 0.1468465 0.1180143 0.1975083 0.2120241 0.1005773 0.2078797 0.05188178 0.229114 0.09792837 0.2120241 0.1005773 0.207984 0.05239726 0.1849166 0.05693667 0.2291667 0.0983118 0.2540143 0.0428037 0.207984 0.05239726 0.2745741 0.2400724 0.2321557 0.148919 0.2196664 0.2479561 0.2761814 0.3225597 0.2195807 0.2473418 0.2744886 0.2394582 0.2763105 0.3234855 0.2196664 0.2479561 0.2239146 0.368067 0.3175775 0.3170883 0.2745741 0.2400724 0.2763105 0.3234855 0.2239146 0.368067 0.2038858 0.2575389 0.1639675 0.3467734 0.8413464 0.5696879 0.7942468 0.6330341 0.809683 0.5909042 0.851368 0.6519217 0.8413464 0.5696879 0.8721393 0.5774273 0.3532072 0.5049641 0.2761814 0.3225597 0.3175775 0.3170883 0.2763105 0.3234855 0.3583175 0.4240405 0.3175775 0.3170883 0.9141355 0.6616143 0.8817771 0.6069214 0.9139796 0.640204 0.6416495 0.05459731 0.6739841 0.0344146 0.6670592 0.07263304 0.6684821 0.02030528 0.6416495 0.05459731 0.6159164 0.08631108 0.6616691 0.02783792 0.6965856 0.03489683 0.6684821 0.02030528 0.6159164 0.08631108 0.6616691 0.02783792 0.6684821 0.02030528 0.6684821 0.02030528 0.6866112 0.01827668 0.674593 0.01203697 0.6866112 0.01827668 0.683325 0.04217651 0.6767125 0.02673284 0.6739841 0.0344146 0.6694894 0.05628964 0.6670592 0.07263304 0.6733628 0.07898822 0.6670592 0.07263304 0.6694894 0.05628964 0.6733628 0.07898822 0.683325 0.04217651 0.6913555 0.06001667 0.6965856 0.03489683 0.6913555 0.06001667 0.683325 0.04217651 0.6592425 0.1170643 0.6913555 0.06001667 0.7095908 0.05271959 0.5983965 0.6013213 0.4459121 0.6492625 0.5986642 0.6381093 0.6002314 0.853471 0.4480346 0.9409238 0.6009324 0.949784 0.5993652 0.7344221 0.4473787 0.8507955 0.6002314 0.853471 0.5986642 0.6381093 0.446568 0.7393908 0.5993652 0.7344221 0.6009324 0.949784 0.448285 0.9753496 0.6012001 0.9865723 0.7506662 0.8469007 0.6009324 0.949784 0.7512749 0.9305463 0.7499138 0.7435092 0.6002314 0.853471 0.7506662 0.8469007 0.7493051 0.6598638 0.5993652 0.7344221 0.7499138 0.7435092 0.7512749 0.9305463 0.6012001 0.9865723 0.7515075 0.962496 0.7490725 0.6279141 0.5986642 0.6381093 0.7493051 0.6598638 0.7499138 0.7435092 0.8256945 0.8176913 0.8249422 0.7142995 0.7512749 0.9305463 0.8265357 0.9332864 0.8263033 0.9013368 0.1528604 0.3799229 0.2239589 0.3597527 0.1610683 0.3501964 0.7506662 0.8469007 0.8263033 0.9013368 0.8256945 0.8176913 0.8249422 0.7142995 0.9158767 0.7886876 0.9153724 0.7194023 0.2755096 0.2420482 0.3185984 0.3196783 0.3030061 0.2384131 0.8263033 0.9013368 0.9164404 0.8661513 0.9162847 0.8447409 0.2029541 0.2621115 0.2121139 0.3152099 0.220602 0.2499318 0.8256945 0.8176913 0.9162847 0.8447409 0.9158767 0.7886876 0.9525145 0.7785128 0.9158767 0.7886876 0.9536219 0.7885635 0.9516185 0.7703819 0.9153724 0.7194023 0.9525145 0.7785128 0.9545181 0.7966945 0.9164404 0.8661513 0.9548602 0.7998003 0.9512762 0.767276 0.9149646 0.6633491 0.9516185 0.7703819 0.9536219 0.7885635 0.9162847 0.8447409 0.9545181 0.7966945 0.9512762 0.767276 0.9781039 0.7249346 0.9750612 0.7246301 0.9525145 0.7785128 0.9892458 0.7260501 0.9781039 0.7249346 0.9892458 0.7260501 0.9832144 0.6884393 0.9815395 0.6886067 0.9750612 0.7246301 0.9687992 0.6898826 0.9671242 0.6900501 0.9781039 0.7249346 0.9815395 0.6886067 0.9687992 0.6898826 0.9671242 0.6900501 0.9664237 0.6712845 0.965058 0.6714216 0.9815395 0.6886067 0.9800206 0.6699234 0.974488 0.6704772 0.9687992 0.6898826 0.974488 0.6704772 0.9664237 0.6712845 0.3764193 0.72061 0.4459121 0.6492625 0.3870152 0.6335264 0.3894626 0.9698389 0.4480346 0.9409238 0.3892043 0.9343334 0.3482001 0.4875424 0.434723 0.4667201 0.3514372 0.4362833 0.3892043 0.9343334 0.4473787 0.8507955 0.3885279 0.841379 0.3885279 0.841379 0.446568 0.7393908 0.3764193 0.72061 0.2741989 0.8372054 0.3764193 0.72061 0.2659166 0.7395669 0.2830495 0.4772711 0.1855606 0.3131734 0.1216742 0.4930437 0.3894626 0.9698389 0.2747967 0.919337 0.275025 0.9507087 0.3892043 0.9343334 0.2741989 0.8372054 0.2747967 0.919337 0.2718135 0.6860451 0.2247627 0.6780229 0.2054673 0.6785494 0.275025 0.9507087 0.1526246 0.8725535 0.1463874 0.8954526 0.2747967 0.919337 0.168954 0.8126029 0.1526246 0.8725535 0.168954 0.8126029 0.2659166 0.7395669 0.1891383 0.7385002 0.1891383 0.7385002 0.2718135 0.6860451 0.2054673 0.6785494 0.1463874 0.8954526 0.0742288 0.8266053 0.06461398 0.8431099 0.2054673 0.6785494 0.1652979 0.6702724 0.1556837 0.6867772 0.1891383 0.7385002 0.1556837 0.6867772 0.1305128 0.7299864 0.1526246 0.8725535 0.09939937 0.7833961 0.0742288 0.8266053 0.168954 0.8126029 0.1305128 0.7299864 0.09939937 0.7833961 0.6292436 0.1758145 0.3989259 0.2872875 0.5623437 0.2525021 0.6261251 0.2044711 0.36458 0.1911974 0.6054515 0.228169 0.6123794 0.08623628 0.6635218 0.07255856 0.6381122 0.05452249 0.5623437 0.2525021 0.4142859 0.3302602 0.50822 0.3145433 0.50822 0.3145433 0.4169091 0.334779 0.5407415 0.3262912 0.7601382 0.1332726 0.6054515 0.228169 0.7407102 0.153362 0.7407102 0.153362 0.6292436 0.1758145 0.6898475 0.2059578 0.6269765 0.2709688 0.50822 0.3145433 0.5884179 0.3110125 0.5884179 0.3110125 0.5407415 0.3262912 0.5671244 0.3290518 0.6898475 0.2059578 0.5623437 0.2525021 0.6269765 0.2709688 0.8183275 0.2110451 0.7407102 0.153362 0.8025324 0.2285242 0.8025324 0.2285242 0.6898475 0.2059578 0.7611791 0.2742868 0.7100644 0.3308517 0.5884179 0.3110125 0.6687117 0.3766134 0.6687117 0.3766134 0.5671244 0.3290518 0.6529164 0.3940929 0.7611791 0.2742868 0.6269765 0.2709688 0.7100644 0.3308517 0.8183275 0.2110451 0.8393414 0.2808149 0.8529872 0.2657139 0.8025324 0.2285242 0.8036157 0.3203493 0.8393414 0.2808149 0.7100644 0.3308517 0.7237302 0.4087525 0.7594557 0.3692177 0.6687117 0.3766134 0.7100844 0.4238535 0.7237302 0.4087525 0.7611791 0.2742868 0.7594557 0.3692177 0.8036157 0.3203493 0.8756247 0.3473112 0.8036157 0.3203493 0.8411294 0.3755752 0.7984912 0.4105116 0.7237302 0.4087525 0.7639955 0.4387751 0.7639955 0.4387751 0.7100844 0.4238535 0.7508194 0.4495713 0.8411294 0.3755752 0.7594557 0.3692177 0.7984912 0.4105116 0.888752 0.3362659 0.8393414 0.2808149 0.8756247 0.3473112 0.3154779 0.319624 0.2724752 0.2426085 0.2998861 0.2383592 0.2179098 0.3616811 0.2027629 0.2650312 0.2175672 0.2504926 0.2174812 0.2498776 0.2740823 0.3250955 0.2723893 0.2419939 0.2742107 0.3260213 0.2175672 0.2504926 0.2724752 0.2426085 0.2027629 0.2650312 0.1855606 0.3131734 0.2174812 0.2498776 0.2723893 0.2419939 0.3154779 0.319624 0.2998861 0.2383592 0.2724752 0.2426085 0.2300561 0.1514552 0.2689222 0.1458746 0.2105929 0.1540276 0.2174812 0.2498776 0.2299958 0.1510201 0.2688614 0.1454395 0.2998861 0.2383592 0.2883244 0.1428671 0.2998861 0.2383592 0.2689222 0.1458746 0.2883244 0.1428671 0.2175672 0.2504926 0.2105929 0.1540276 0.2300561 0.1514552 0.2299958 0.1510201 0.2723893 0.2419939 0.2688614 0.1454395 0.2883244 0.1428671 0.2613007 0.09593242 0.2783907 0.09328303 0.2300561 0.1514552 0.2099242 0.1031135 0.2270679 0.1008476 0.2270145 0.1004641 0.2688614 0.1454395 0.2612475 0.09554886 0.2689222 0.1458746 0.2270679 0.1008476 0.2613007 0.09593242 0.2099242 0.1031135 0.2299958 0.1510201 0.2270145 0.1004641 0.2612475 0.09554886 0.2883244 0.1428671 0.2783907 0.09328303 0.2612475 0.09554886 0.274877 0.04028486 0.2518101 0.04482395 0.274877 0.04028486 0.2613007 0.09593242 0.2519144 0.04533943 0.2058844 0.05493339 0.2099242 0.1031135 0.1828179 0.05947249 0.2270145 0.1004641 0.2518101 0.04482395 0.2057806 0.05441796 0.2519144 0.04533943 0.2270679 0.1008476 0.2058844 0.05493339 0.2099242 0.1031135 0.2057806 0.05441796 0.1828179 0.05947249 0.1179776 0.1476261 0.1467547 0.1646494 0.1225195 0.1982874 0.1488818 0.1916708 0.1219695 0.1983382 0.1199616 0.2166533 0.1225195 0.1982874 0.1488818 0.1916708 0.1199616 0.2166533 0.1461681 0.1647034 0.1174272 0.1476763 0.1219695 0.1983382 0.1219695 0.1983382 0.09498853 0.1649947 0.0995587 0.2109889 0.1385848 0.4194607 0.2179098 0.3616811 0.1628294 0.3610464 0.3514372 0.4362833 0.2179098 0.3616811 0.2742107 0.3260213 0.3482001 0.4875424 0.2742107 0.3260213 0.3154779 0.319624 0.1064721 0.09669076 0.1202649 0.08957928 0.07826462 0.1007693 0.0809786 0.2437693 0.06251734 0.2615758 0.09317834 0.2434975 0.06251734 0.2615758 0.0809786 0.2437693 0.06605566 0.2368814 0.07991051 0.2254312 0.06680701 0.1945253 0.08473735 0.2037919 0.06680701 0.1945253 0.05993453 0.2263286 0.06691753 0.1945826 0.104515 0.231047 0.1199616 0.2166533 0.1039782 0.2244608 0.07991051 0.2254312 0.1029728 0.2257274 0.07323807 0.26326 0.1029728 0.2257274 0.08473735 0.2037919 0.1225195 0.1982874 0.08440308 0.1983937 0.09498853 0.1649947 0.07182556 0.1857308 0.1039782 0.2244608 0.0995587 0.2109889 0.07755749 0.2193075 0.07182556 0.1857308 0.06215116 0.2153199 0.07755749 0.2193075 0.09317834 0.2434975 0.07755749 0.2193075 0.0809786 0.2437693 0.07755749 0.2193075 0.06605566 0.2368814 0.0809786 0.2437693 0.07991051 0.2254312 0.07323807 0.26326 0.05941195 0.2596041 0.0598109 0.2263343 0.05941195 0.2596041 0.05993453 0.2263286 0.08645242 0.2312745 0.0649225 0.2614481 0.07323807 0.26326 0.08645242 0.2312745 0.07323807 0.26326 0.104515 0.231047 0.0598109 0.2263343 0.07991051 0.2254312 0.05941195 0.2596041 0.06691753 0.1945826 0.06215116 0.2153199 0.06542896 0.186343 0.8756247 0.3473112 0.8761237 0.4135873 0.9062158 0.3977614 0.888752 0.3362659 0.9062158 0.3977614 0.9177092 0.3917153 0.8411294 0.3755752 0.8389284 0.4331484 0.8761237 0.4135873 0.9062158 0.3977614 0.9032604 0.4502918 0.9242306 0.4362766 0.9177092 0.3917153 0.9242306 0.4362766 0.9322406 0.4309232 0.8761237 0.4135873 0.8746849 0.4701453 0.9032604 0.4502918 0.9260434 0.4387331 0.9279447 0.4934872 0.9437129 0.4829484 0.947923 0.4764666 0.9242306 0.4362766 0.9419003 0.4804923 0.9032604 0.4502918 0.90578 0.5045339 0.9261316 0.4910308 0.9419003 0.4804923 0.9383613 0.5097633 0.9496374 0.5022266 0.9497361 0.4789231 0.9514503 0.5046827 0.9534803 0.5026201 0.9383613 0.5097633 0.90578 0.5045339 0.9307232 0.5230221 0.8441533 0.452611 0.7639955 0.4387751 0.8377118 0.4668227 0.7639955 0.4387751 0.8195961 0.4694368 0.8377118 0.4668227 0.8224132 0.4483175 0.8214086 0.4718934 0.8166206 0.4530635 0.8746849 0.4701453 0.8389284 0.4331484 0.8206002 0.445861 0.8746849 0.4701453 0.8148078 0.4506069 0.8705069 0.4739217 0.90578 0.5045339 0.8705069 0.4739217 0.9013891 0.5062662 0.9307232 0.5230221 0.90578 0.5045339 0.9278358 0.5243567 0.9307232 0.5230221 0.9278358 0.5243567 0.9383613 0.5097633 0.9383613 0.5097633 0.9278358 0.5243567 0.9388437 0.5096758 0.9388437 0.5096758 0.9496374 0.5022266 0.9383613 0.5097633 0.2643677 0.09560318 0.2779978 0.04033879 0.2549306 0.04487825 0.2643677 0.09560318 0.2914452 0.142921 0.2815113 0.09333698 0.213045 0.1031674 0.2331159 0.1510744 0.2301349 0.1005184 0.2331766 0.1515091 0.230188 0.1009019 0.2720426 0.1459288 0.06542251 0.1929602 0.06065612 0.2136977 0.06393398 0.1847207 0.06953523 0.2375554 0.06065612 0.2136977 0.05661996 0.2342128 0.08290816 0.1967712 0.0934931 0.1633726 0.07033064 0.1841086 0.1014782 0.2241052 0.08324254 0.2021694 0.1210246 0.1966653 0.2331159 0.1510744 0.2755096 0.2420482 0.2719819 0.1454934 0.3030061 0.2384131 0.2720426 0.1459288 0.2914452 0.142921 0.2719819 0.1454934 0.3030061 0.2384131 0.2914452 0.142921 0.07174294 0.2616383 0.07841549 0.223809 0.1014782 0.2241052 0.07841549 0.223809 0.06531239 0.1929034 0.08324254 0.2021694 0.06531239 0.1929034 0.05843945 0.2247068 0.06542251 0.1929602 0.2914452 0.142921 0.2644215 0.09598597 0.2815113 0.09333698 0.2239589 0.3597527 0.2206871 0.2505461 0.2773314 0.3260755 0.05843945 0.2247068 0.06342746 0.259826 0.08495739 0.2296523 0.07033064 0.1841086 0.06065612 0.2136977 0.07012887 0.2149458 0.2301349 0.1005184 0.2719819 0.1454934 0.2643677 0.09560318 0.2331766 0.1515091 0.213045 0.1031674 0.230188 0.1009019 0.09806366 0.2093669 0.07012887 0.2149458 0.08793011 0.2231635 0.09168331 0.2418753 0.08793011 0.2231635 0.06953523 0.2375554 0.1024831 0.2228386 0.09806366 0.2093669 0.08793011 0.2231635 0.1014782 0.2241052 0.1024831 0.2228386 0.07174294 0.2616383 0.104977 0.09506878 0.1187699 0.08795708 0.0767697 0.0991473 0.1204743 0.1967165 0.0934931 0.1633726 0.09806366 0.2093669 0.3182083 0.3443212 0.2239589 0.3597527 0.2773314 0.3260755 0.08495739 0.2296523 0.07174294 0.2616383 0.1024831 0.2228386 0.08495739 0.2296523 0.06342746 0.259826 0.07174294 0.2616383 0.1404188 0.1090373 0.1452595 0.1630272 0.1164825 0.1460037 0.1473867 0.1900491 0.1204743 0.1967165 0.117083 0.2104332 0.1210246 0.1966653 0.1473867 0.1900491 0.117083 0.2104332 0.2137136 0.1540815 0.220602 0.2499318 0.2331159 0.1510744 0.144673 0.1630813 0.115932 0.1460546 0.1204743 0.1967165 0.2301349 0.1005184 0.2549306 0.04487825 0.2089005 0.05447181 0.1164825 0.1460037 0.1452595 0.1630272 0.1210246 0.1966653 0.2089005 0.05447181 0.213045 0.1031674 0.2301349 0.1005184 0.2029541 0.2621115 0.2206871 0.2505461 0.2239589 0.3597527 0.220602 0.2499318 0.2772025 0.3251497 0.2755096 0.2420482 0.2239589 0.3597527 0.1630359 0.3513461 0.2029541 0.2621115 0.3185984 0.3196783 0.2755952 0.2426625 0.3030061 0.2384131 0.1630359 0.3513461 0.2239589 0.3597527 0.1411602 0.424066 0.1411602 0.424066 0.2121139 0.3152099 0.1630359 0.3513461 0.847589 0.6544668 0.8364806 0.5733365 0.7856799 0.6735487 0.9155785 0.6803921 0.8727076 0.5788689 0.847589 0.6544668 0.3593379 0.4266305 0.2773314 0.3260755 0.3185984 0.3196783 0.2773314 0.3260755 0.3593379 0.4266305 0.3182083 0.3443212 0.6381122 0.05452249 0.6704468 0.03433985 0.6595804 0.02662686 0.5305313 0.3279589 0.5731638 0.2619298 0.5337418 0.2704494 0.6930482 0.03482193 0.6581318 0.02776303 0.6649447 0.02023039 0.6581318 0.02776303 0.6123794 0.08623628 0.6649447 0.02023039 0.6830738 0.01820197 0.6649447 0.02023039 0.6710557 0.01196175 0.6797879 0.04210205 0.6830738 0.01820197 0.6731752 0.02665799 0.6704468 0.03433985 0.6659518 0.0562148 0.6731752 0.02665799 0.669825 0.07891332 0.6635218 0.07255856 0.6557058 0.1169896 0.669825 0.07891332 0.6797879 0.04210205 0.6659518 0.0562148 0.6878184 0.05994182 0.6930482 0.03482193 0.6797879 0.04210205 0.6557058 0.1169896 0.6878184 0.05994182 0.669825 0.07891332 0.0934931 0.1633726 0.08470308 0.1276835 0.07033064 0.1841086 0.114417 0.1485191 0.09197859 0.1658371 0.07922053 0.1120126 0.09197859 0.1658371 0.06881549 0.1865736 0.07922053 0.1120126 0.06881549 0.1865736 0.06241902 0.1871849 0.07164872 0.1608685 0.1149674 0.1484682 0.07525466 0.1016118 0.09332357 0.1629764 0.0609239 0.1855629 0.0701536 0.159247 0.06732067 0.1849505 0.0701536 0.159247 0.07375954 0.09998964 0.07212759 0.120316 0.07375954 0.09998964 0.1134725 0.1468465 0.1374086 0.1098796 0.1134725 0.1468465 0.0701536 0.159247 0.09182844 0.1613546 0.09048305 0.164215 0.06732067 0.1849505 0.07212759 0.120316 0.07785512 0.1213149 0.08645435 0.1289534 0.07465858 0.1600267 0.07465858 0.1600267 0.06542896 0.186343 0.07182556 0.1857308 0.07182556 0.1857308 0.08223049 0.1111699 0.07785512 0.1213149 0.09633341 0.1621346 0.08645435 0.1289534 0.1179776 0.1476261 0.09498853 0.1649947 0.1174272 0.1476763 0.08223049 0.1111699 0.0745266 0.1193626 0.1164825 0.1460037 0.09483849 0.1605121 0.06393398 0.1847207 0.07033064 0.1841086 0.08470308 0.1276835 0.08470308 0.1276835 0.0745266 0.1193626 0.06393398 0.1847207 0.0745266 0.1193626 0.09483849 0.1605121 0.06393398 0.1847207 0.0934931 0.1633726 0.115932 0.1460546 0.08470308 0.1276835 0.06102192 0.2599538 0.09168331 0.2418753 0.06953523 0.2375554 0.05661996 0.2342128 0.08495739 0.2296523 0.06102192 0.2599538 0.09168331 0.2418753 0.06102192 0.2599538 0.08495739 0.2296523 0.06102192 0.2599538 0.06953523 0.2375554 0.05661996 0.2342128 0.230188 0.1009019 0.2357979 0.08497301 0.2644215 0.09598597 0.2089005 0.05447181 0.1859375 0.0595267 0.213045 0.1031674 0.213045 0.1031674 0.2357979 0.08497301 0.230188 0.1009019 0.2550348 0.0453937 0.2357979 0.08497301 0.2090046 0.05498729 0.2550348 0.0453937 0.2779978 0.04033879 0.2644215 0.09598597 0.2357979 0.08497301 0.213045 0.1031674 0.2090046 0.05498729 0.2720426 0.1459288 0.230188 0.1009019 0.2644215 0.09598597</float_array>
          <technique_common>
            <accessor count="2970" source="#IID-_0003-array" stride="2">
              <param type="float" name="S" />
              <param type="float" name="T" />
            </accessor>
          </technique_common>
        </source>
        <vertices id="IID-_0001-vertices">
          <input semantic="POSITION" source="#IID-_0001" />
        </vertices>
        <triangles count="990" material="slot000">
          <input offset="0" semantic="VERTEX" source="#IID-_0001-vertices" />
          <input offset="0" semantic="NORMAL" source="#IID-_0002" />
          <input offset="1" semantic="TEXCOORD" source="#IID-_0003" set="0" />
          <p>4 0 5 1 11 2 1 3 2 4 8 5 2 6 3 7 9 8 3 9 4 10 10 11 0 12 1 13 7 14 7 15 8 16 14 17 8 18 9 19 15 20 9 21 10 22 16 23 6 24 7 25 13 26 10 27 11 28 17 29 15 30 21 31 20 32 13 33 19 34 18 35 248 36 16 37 17 38 14 39 20 40 19 41 21 42 25 43 24 44 252 45 251 46 243 47 19 48 23 49 22 50 250 51 249 52 237 53 20 54 24 55 23 56 24 57 25 58 31 59 25 60 26 61 32 62 22 63 23 64 29 65 26 66 27 67 33 68 23 69 24 70 30 71 32 72 35 73 34 74 29 75 34 76 292 77 34 78 37 79 36 80 36 81 39 82 38 83 37 84 40 85 39 86 4 87 3 88 45 89 1 90 0 91 42 92 5 93 4 94 46 95 2 96 1 97 43 98 3 99 2 100 44 101 45 102 44 103 50 104 45 105 51 106 98 107 42 108 48 109 49 110 98 111 51 112 99 113 43 114 49 115 50 116 52 117 55 118 54 119 48 120 59 121 58 122 49 123 58 124 57 125 51 126 50 127 57 128 52 129 51 130 56 131 59 132 65 133 64 134 55 135 61 136 60 137 56 138 62 139 61 140 58 141 64 142 63 143 57 144 63 145 62 146 62 147 63 148 69 149 64 150 65 151 71 152 63 153 255 154 257 155 61 156 62 157 68 158 60 159 61 160 67 161 70 162 71 163 77 164 69 165 70 166 76 167 67 168 68 169 74 170 66 171 67 172 73 173 68 174 69 175 75 176 76 177 77 178 83 179 75 180 76 181 82 182 73 183 74 184 80 185 72 186 73 187 79 188 74 189 75 190 81 191 83 192 89 193 88 194 82 195 88 196 87 197 80 198 86 199 85 200 79 201 85 202 84 203 81 204 87 205 86 206 87 207 88 208 94 209 85 210 86 211 92 212 84 213 85 214 91 215 86 216 87 217 93 218 88 219 89 220 95 221 96 222 102 223 107 224 100 225 106 226 105 227 97 228 98 229 104 230 101 231 107 232 106 233 98 234 99 235 105 236 96 237 97 238 103 239 107 240 113 241 112 242 104 243 105 244 111 245 102 246 103 247 109 248 102 249 108 250 113 251 106 252 112 253 111 254 103 255 104 256 110 257 108 258 114 259 119 260 112 261 118 262 117 263 109 264 110 265 116 266 113 267 119 268 118 269 110 270 111 271 117 272 108 273 109 274 115 275 115 276 121 277 120 278 119 279 114 280 120 281 117 282 118 283 124 284 116 285 122 286 121 287 118 288 119 289 125 290 117 291 123 292 122 293 124 294 125 295 130 296 123 297 128 298 127 299 120 300 137 301 125 302 123 303 124 304 129 305 122 306 127 307 126 308 129 309 134 310 147 311 127 312 132 313 131 314 129 315 130 316 134 317 127 318 128 319 132 320 51 321 52 322 99 323 52 324 53 325 100 326 100 327 53 328 47 329 101 330 47 331 46 332 96 333 46 334 97 335 46 336 45 337 97 338 135 339 136 340 137 341 135 342 126 343 138 344 152 345 136 346 138 347 152 348 133 349 136 350 134 351 136 352 133 353 135 354 137 355 120 356 120 357 121 358 135 359 137 360 136 361 125 362 130 363 125 364 136 365 126 366 135 367 121 368 139 369 147 370 148 371 141 372 140 373 148 374 143 375 154 376 128 377 147 378 134 379 148 380 148 381 134 382 149 383 133 384 149 385 134 386 128 387 129 388 144 389 144 390 129 391 147 392 131 393 132 394 153 395 133 396 151 397 149 398 132 399 128 400 154 401 132 402 155 403 157 404 152 405 157 406 156 407 155 408 154 409 158 410 156 411 157 412 160 413 140 414 141 415 146 416 161 417 142 418 159 419 150 420 146 421 142 422 141 423 142 424 146 425 160 426 158 427 161 428 145 429 139 430 140 431 142 432 158 433 154 434 160 435 161 436 159 437 150 438 142 439 143 440 156 441 141 442 149 443 142 444 141 445 156 446 144 447 143 448 128 449 94 450 164 451 163 452 95 453 165 454 164 455 93 456 163 457 162 458 164 459 168 460 167 461 165 462 169 463 168 464 163 465 167 466 166 467 168 468 171 469 170 470 168 471 169 472 172 473 167 474 170 475 183 476 171 477 175 478 174 479 183 480 170 481 174 482 91 483 92 484 178 485 91 486 177 487 176 488 180 489 178 490 162 491 176 492 177 493 180 494 179 495 180 496 166 497 181 498 166 499 183 500 182 501 183 502 173 503 178 504 180 505 177 506 92 507 162 508 178 509 173 510 185 511 184 512 212 513 204 514 205 515 232 516 231 517 212 518 230 519 218 520 209 521 233 522 235 523 195 524 207 525 197 526 239 527 239 528 240 529 214 530 216 531 206 532 208 533 214 534 240 535 225 536 239 537 210 538 220 539 214 540 213 541 203 542 228 543 224 544 229 545 242 546 229 547 224 548 192 549 191 550 221 551 190 552 225 553 189 554 195 555 194 556 233 557 197 558 203 559 210 560 233 561 194 562 227 563 226 564 189 565 225 566 227 567 189 568 226 569 243 570 238 571 230 572 244 573 232 574 216 575 244 576 243 577 231 578 235 579 220 580 195 581 242 582 227 583 226 584 242 585 224 586 233 587 240 588 241 589 226 590 232 591 215 592 206 593 236 594 217 595 218 596 197 597 207 598 203 599 222 600 213 601 214 602 231 603 230 604 211 605 217 606 208 607 209 608 191 609 219 610 213 611 219 612 220 613 210 614 191 615 195 616 220 617 190 618 223 619 225 620 240 621 239 622 228 623 188 624 186 625 205 626 186 627 187 628 199 629 188 630 187 631 186 632 222 633 190 634 246 635 245 636 246 637 187 638 194 639 193 640 189 641 245 642 198 643 192 644 196 645 195 646 191 647 196 648 191 649 192 650 248 651 253 652 254 653 188 654 198 655 245 656 205 657 204 658 188 659 241 660 229 661 242 662 193 663 187 664 190 665 198 666 188 667 204 668 192 669 246 670 245 671 241 672 228 673 229 674 206 675 215 676 205 677 201 678 195 679 196 680 201 681 200 682 194 683 238 684 237 685 218 686 205 687 186 688 199 689 194 690 189 691 227 692 202 693 196 694 198 695 211 696 202 697 204 698 200 699 199 700 193 701 209 702 201 703 202 704 209 705 208 706 200 707 208 708 206 709 199 710 234 711 216 712 217 713 251 714 250 715 238 716 247 717 234 718 236 719 252 720 244 721 234 722 248 723 236 724 237 725 249 726 16 727 248 728 250 729 15 730 16 731 21 732 15 733 250 734 252 735 26 736 25 737 25 738 21 739 251 740 26 741 247 742 254 743 255 744 259 745 261 746 260 747 259 748 255 749 259 750 263 751 261 752 64 753 70 754 258 755 260 756 263 757 259 758 255 759 256 760 260 761 256 762 258 763 262 764 263 765 260 766 262 767 262 768 264 769 263 770 261 771 263 772 264 773 262 774 258 775 265 776 265 777 266 778 264 779 261 780 264 781 266 782 268 783 69 784 257 785 268 786 266 787 265 788 258 789 70 790 267 791 69 792 268 793 267 794 11 795 5 796 272 797 274 798 270 799 269 800 275 801 271 802 270 803 276 804 272 805 271 806 273 807 269 808 0 809 278 810 274 811 273 812 279 813 275 814 274 815 280 816 276 817 275 818 277 819 273 820 6 821 17 822 11 823 276 824 279 825 278 826 282 827 277 828 12 829 18 830 17 831 280 832 477 833 278 834 277 835 281 836 283 837 282 838 285 839 471 840 480 841 481 842 281 843 18 844 22 845 465 846 478 847 479 848 282 849 281 850 284 851 290 852 286 853 285 854 291 855 287 856 286 857 288 858 284 859 22 860 33 861 27 862 287 863 289 864 285 865 284 866 291 867 290 868 293 869 288 870 28 871 292 872 33 873 291 874 293 875 289 876 288 877 292 878 290 879 289 880 292 881 35 882 293 883 295 884 293 885 292 886 294 887 294 888 36 889 38 890 37 891 295 892 297 893 295 894 294 895 296 896 40 897 297 898 41 899 296 900 38 901 41 902 297 903 296 904 41 905 300 906 271 907 272 908 42 909 0 910 269 911 301 912 272 913 5 914 298 915 269 916 270 917 299 918 270 919 271 920 303 921 299 922 300 923 300 924 335 925 336 926 42 927 298 928 302 929 336 930 337 931 304 932 298 933 299 934 303 935 305 936 53 937 54 938 48 939 302 940 309 941 302 942 303 943 308 944 308 945 303 946 304 947 307 948 304 949 305 950 59 951 309 952 313 953 306 954 54 955 60 956 307 957 306 958 310 959 309 960 308 961 312 962 308 963 307 964 311 965 316 966 312 967 311 968 71 969 65 970 313 971 312 972 316 973 484 974 315 975 311 976 310 977 314 978 310 979 60 980 77 981 71 982 317 983 321 984 317 985 316 986 319 987 315 988 314 989 318 990 314 991 66 992 320 993 316 994 315 995 83 996 77 997 321 998 325 999 321 1000 320 1001 323 1002 319 1003 318 1004 322 1005 318 1006 72 1007 324 1008 320 1009 319 1010 83 1011 325 1012 329 1013 325 1014 324 1015 328 1016 323 1017 322 1018 326 1019 322 1020 78 1021 84 1022 324 1023 323 1024 327 1025 333 1026 329 1027 328 1028 331 1029 327 1030 326 1031 330 1032 326 1033 84 1034 332 1035 328 1036 327 1037 95 1038 89 1039 329 1040 334 1041 339 1042 345 1043 338 1044 337 1045 343 1046 342 1047 336 1048 335 1049 339 1050 338 1051 344 1052 343 1053 337 1054 336 1055 341 1056 335 1057 334 1058 345 1059 344 1060 350 1061 349 1062 343 1063 342 1064 347 1065 341 1066 340 1067 340 1068 345 1069 351 1070 344 1071 343 1072 349 1073 348 1074 342 1075 341 1076 346 1077 351 1078 357 1079 350 1080 349 1081 355 1082 354 1083 348 1084 347 1085 351 1086 350 1087 356 1088 355 1089 349 1090 348 1091 353 1092 347 1093 346 1094 353 1095 352 1096 358 1097 358 1098 352 1099 357 1100 362 1101 356 1102 355 1103 354 1104 353 1105 359 1106 363 1107 357 1108 356 1109 355 1110 354 1111 360 1112 368 1113 363 1114 362 1115 361 1116 360 1117 365 1118 358 1119 363 1120 375 1121 367 1122 362 1123 361 1124 360 1125 359 1126 364 1127 367 1128 388 1129 372 1130 365 1131 364 1132 369 1133 367 1134 372 1135 368 1136 365 1137 370 1138 366 1139 304 1140 337 1141 305 1142 305 1143 337 1144 338 1145 47 1146 53 1147 338 1148 301 1149 47 1150 339 1151 334 1152 335 1153 301 1154 301 1155 335 1156 300 1157 371 1158 392 1159 376 1160 373 1161 374 1162 378 1163 373 1164 378 1165 364 1166 378 1167 374 1168 376 1169 377 1170 374 1171 363 1172 374 1173 377 1174 376 1175 373 1176 358 1177 375 1178 358 1179 373 1180 359 1181 375 1182 363 1183 374 1184 363 1185 368 1186 377 1187 372 1188 371 1189 377 1190 369 1191 378 1192 392 1193 364 1194 359 1195 373 1196 397 1197 400 1198 382 1199 384 1200 383 1201 387 1202 379 1203 380 1204 389 1205 389 1206 380 1207 381 1208 383 1209 394 1210 382 1211 399 1212 395 1213 400 1214 395 1215 382 1216 400 1217 388 1218 389 1219 372 1220 389 1221 390 1222 372 1223 371 1224 372 1225 390 1226 366 1227 384 1228 367 1229 384 1230 379 1231 388 1232 393 1233 370 1234 369 1235 371 1236 390 1237 391 1238 393 1239 392 1240 396 1241 394 1242 366 1243 370 1244 370 1245 393 1246 396 1247 392 1248 391 1249 395 1250 397 1251 394 1252 396 1253 399 1254 396 1255 395 1256 385 1257 387 1258 386 1259 381 1260 386 1261 382 1262 381 1263 385 1264 386 1265 382 1266 394 1267 397 1268 390 1269 381 1270 395 1271 382 1272 395 1273 381 1274 384 1275 366 1276 383 1277 333 1278 332 1279 402 1280 95 1281 333 1282 403 1283 332 1284 331 1285 401 1286 403 1287 402 1288 404 1289 165 1290 403 1291 405 1292 402 1293 401 1294 415 1295 405 1296 404 1297 407 1298 172 1299 169 1300 405 1301 404 1302 415 1303 406 1304 408 1305 407 1306 410 1307 172 1308 408 1309 411 1310 410 1311 407 1312 406 1313 413 1314 331 1315 330 1316 330 1317 90 1318 176 1319 414 1320 401 1321 413 1322 414 1323 412 1324 176 1325 415 1326 414 1327 179 1328 406 1329 415 1330 181 1331 184 1332 406 1333 182 1334 413 1335 412 1336 414 1337 331 1338 413 1339 401 1340 185 1341 175 1342 411 1343 441 1344 444 1345 434 1346 441 1347 460 1348 461 1349 438 1350 447 1351 459 1352 458 1353 469 1354 470 1355 436 1356 443 1357 467 1358 467 1359 443 1360 468 1361 438 1362 446 1363 447 1364 453 1365 468 1366 443 1367 467 1368 449 1369 439 1370 432 1371 442 1372 443 1373 450 1374 420 1375 421 1376 428 1377 422 1378 417 1379 424 1380 462 1381 423 1382 462 1383 470 1384 455 1385 454 1386 453 1387 419 1388 455 1389 454 1390 419 1391 459 1392 466 1393 471 1394 472 1395 463 1396 445 1397 460 1398 471 1399 472 1400 470 1401 469 1402 454 1403 468 1404 458 1405 457 1406 454 1407 469 1408 468 1409 429 1410 430 1411 423 1412 446 1413 445 1414 463 1415 451 1416 452 1417 443 1418 440 1419 459 1420 460 1421 429 1422 438 1423 430 1424 420 1425 450 1426 442 1427 448 1428 442 1429 432 1430 450 1431 451 1432 442 1433 439 1434 449 1435 448 1436 449 1437 424 1438 420 1439 475 1440 417 1441 422 1442 458 1443 468 1444 469 1445 456 1446 458 1447 470 1448 418 1449 434 1450 416 1451 416 1452 428 1453 417 1454 418 1455 417 1456 473 1457 473 1458 417 1459 475 1460 423 1461 419 1462 422 1463 474 1464 427 1465 473 1466 425 1467 420 1468 424 1469 425 1470 427 1471 421 1472 254 1473 253 1474 477 1475 418 1476 473 1477 427 1478 434 1479 418 1480 433 1481 449 1482 462 1483 424 1484 419 1485 453 1486 452 1487 427 1488 433 1489 418 1490 456 1491 457 1492 458 1493 474 1494 473 1495 475 1496 434 1497 444 1498 435 1499 430 1500 431 1501 425 1502 445 1503 435 1504 461 1505 447 1506 465 1507 466 1508 434 1509 428 1510 416 1511 423 1512 455 1513 419 1514 431 1515 433 1516 427 1517 440 1518 441 1519 433 1520 428 1521 435 1522 496 1523 464 1524 465 1525 447 1526 466 1527 479 1528 480 1529 464 1530 447 1531 446 1532 481 1533 476 1534 463 1535 463 1536 464 1537 446 1538 464 1539 463 1540 476 1541 280 1542 279 1543 479 1544 283 1545 480 1546 479 1547 481 1548 286 1549 287 1550 286 1551 481 1552 480 1553 254 1554 287 1555 27 1556 482 1557 484 1558 488 1559 487 1560 482 1561 486 1562 486 1563 488 1564 490 1565 485 1566 317 1567 313 1568 487 1569 486 1570 490 1571 483 1572 482 1573 487 1574 489 1575 485 1576 483 1577 490 1578 489 1579 487 1580 489 1581 490 1582 491 1583 488 1584 491 1585 490 1586 492 1587 485 1588 489 1589 492 1590 491 1591 493 1592 488 1593 484 1594 493 1595 495 1596 493 1597 484 1598 495 1599 494 1600 492 1601 494 1602 317 1603 485 1604 316 1605 317 1606 494 1607 4 1608 11 1609 10 1610 1 1611 8 1612 7 1613 2 1614 9 1615 8 1616 3 1617 10 1618 9 1619 0 1620 7 1621 6 1622 7 1623 14 1624 13 1625 8 1626 15 1627 14 1628 9 1629 16 1630 15 1631 6 1632 13 1633 12 1634 10 1635 17 1636 16 1637 15 1638 20 1639 14 1640 13 1641 18 1642 12 1643 248 1644 17 1645 253 1646 14 1647 19 1648 13 1649 21 1650 24 1651 20 1652 252 1653 243 1654 244 1655 19 1656 22 1657 18 1658 250 1659 237 1660 238 1661 20 1662 23 1663 19 1664 24 1665 31 1666 30 1667 25 1668 32 1669 31 1670 22 1671 29 1672 28 1673 26 1674 33 1675 32 1676 23 1677 30 1678 29 1679 32 1680 34 1681 31 1682 29 1683 292 1684 28 1685 33 1686 35 1687 32 1688 30 1689 34 1690 29 1691 31 1692 34 1693 30 1694 35 1695 37 1696 34 1697 34 1698 36 1699 292 1700 37 1701 39 1702 36 1703 40 1704 41 1705 39 1706 39 1707 41 1708 38 1709 4 1710 45 1711 46 1712 1 1713 42 1714 43 1715 5 1716 46 1717 47 1718 2 1719 43 1720 44 1721 3 1722 44 1723 45 1724 45 1725 50 1726 51 1727 45 1728 98 1729 97 1730 42 1731 49 1732 43 1733 43 1734 50 1735 44 1736 52 1737 54 1738 53 1739 48 1740 58 1741 49 1742 49 1743 57 1744 50 1745 51 1746 57 1747 56 1748 52 1749 56 1750 55 1751 59 1752 64 1753 58 1754 55 1755 60 1756 54 1757 56 1758 61 1759 55 1760 58 1761 63 1762 57 1763 57 1764 62 1765 56 1766 62 1767 69 1768 68 1769 64 1770 71 1771 70 1772 63 1773 257 1774 69 1775 61 1776 68 1777 67 1778 60 1779 67 1780 66 1781 70 1782 77 1783 76 1784 69 1785 76 1786 75 1787 67 1788 74 1789 73 1790 66 1791 73 1792 72 1793 68 1794 75 1795 74 1796 76 1797 83 1798 82 1799 75 1800 82 1801 81 1802 73 1803 80 1804 79 1805 72 1806 79 1807 78 1808 74 1809 81 1810 80 1811 83 1812 88 1813 82 1814 82 1815 87 1816 81 1817 80 1818 85 1819 79 1820 79 1821 84 1822 78 1823 81 1824 86 1825 80 1826 87 1827 94 1828 93 1829 85 1830 92 1831 91 1832 84 1833 91 1834 90 1835 86 1836 93 1837 92 1838 88 1839 95 1840 94 1841 96 1842 107 1843 101 1844 100 1845 105 1846 99 1847 97 1848 104 1849 103 1850 101 1851 106 1852 100 1853 98 1854 105 1855 104 1856 96 1857 103 1858 102 1859 107 1860 112 1861 106 1862 104 1863 111 1864 110 1865 102 1866 109 1867 108 1868 102 1869 113 1870 107 1871 106 1872 111 1873 105 1874 103 1875 110 1876 109 1877 108 1878 119 1879 113 1880 112 1881 117 1882 111 1883 109 1884 116 1885 115 1886 113 1887 118 1888 112 1889 110 1890 117 1891 116 1892 108 1893 115 1894 114 1895 115 1896 120 1897 114 1898 119 1899 120 1900 125 1901 117 1902 124 1903 123 1904 116 1905 121 1906 115 1907 118 1908 125 1909 124 1910 117 1911 122 1912 116 1913 124 1914 130 1915 129 1916 123 1917 127 1918 122 1919 123 1920 129 1921 128 1922 122 1923 126 1924 121 1925 127 1926 131 1927 126 1928 52 1929 100 1930 99 1931 100 1932 47 1933 101 1934 101 1935 46 1936 96 1937 135 1938 138 1939 136 1940 139 1941 148 1942 140 1943 141 1944 148 1945 149 1946 143 1947 142 1948 154 1949 144 1950 147 1951 139 1952 131 1953 153 1954 152 1955 153 1956 157 1957 152 1958 132 1959 154 1960 155 1961 132 1962 157 1963 153 1964 152 1965 156 1966 151 1967 155 1968 158 1969 160 1970 155 1971 160 1972 157 1973 156 1974 160 1975 159 1976 146 1977 150 1978 145 1979 150 1980 144 1981 139 1982 145 1983 140 1984 146 1985 158 1986 142 1987 161 1988 150 1989 139 1990 145 1991 150 1992 143 1993 144 1994 159 1995 142 1996 156 1997 156 1998 149 1999 151 2000 94 2001 163 2002 93 2003 95 2004 164 2005 94 2006 93 2007 162 2008 92 2009 164 2010 167 2011 163 2012 165 2013 168 2014 164 2015 163 2016 166 2017 162 2018 168 2019 170 2020 167 2021 168 2022 172 2023 171 2024 167 2025 183 2026 166 2027 171 2028 174 2029 170 2030 172 2031 175 2032 171 2033 183 2034 174 2035 173 2036 91 2037 178 2038 177 2039 91 2040 176 2041 90 2042 176 2043 180 2044 179 2045 162 2046 166 2047 180 2048 179 2049 166 2050 181 2051 181 2052 183 2053 182 2054 182 2055 173 2056 184 2057 185 2058 173 2059 174 2060 175 2061 185 2062 174 2063 212 2064 205 2065 215 2066 232 2067 212 2068 215 2069 230 2070 209 2071 211 2072 207 2073 239 2074 214 2075 216 2076 208 2077 217 2078 214 2079 225 2080 223 2081 224 2082 235 2083 233 2084 214 2085 203 2086 207 2087 210 2088 239 2089 197 2090 192 2091 221 2092 222 2093 233 2094 227 2095 242 2096 243 2097 230 2098 231 2099 244 2100 216 2101 234 2102 244 2103 231 2104 232 2105 235 2106 239 2107 220 2108 242 2109 226 2110 241 2111 240 2112 226 2113 225 2114 232 2115 206 2116 216 2117 236 2118 218 2119 237 2120 222 2121 214 2122 223 2123 231 2124 211 2125 212 2126 217 2127 209 2128 218 2129 191 2130 213 2131 221 2132 224 2133 239 2134 235 2135 219 2136 203 2137 213 2138 221 2139 213 2140 222 2141 219 2142 210 2143 203 2144 191 2145 220 2146 219 2147 188 2148 245 2149 187 2150 196 2151 192 2152 198 2153 248 2154 254 2155 247 2156 228 2157 241 2158 240 2159 224 2160 228 2161 239 2162 206 2163 205 2164 199 2165 201 2166 196 2167 202 2168 201 2169 194 2170 195 2171 238 2172 218 2173 230 2174 202 2175 198 2176 204 2177 211 2178 204 2179 212 2180 200 2181 193 2182 194 2183 209 2184 202 2185 211 2186 209 2187 200 2188 201 2189 208 2190 199 2191 200 2192 234 2193 217 2194 236 2195 251 2196 238 2197 243 2198 247 2199 236 2200 248 2201 252 2202 234 2203 247 2204 248 2205 237 2206 249 2207 250 2208 16 2209 249 2210 21 2211 250 2212 251 2213 25 2214 251 2215 252 2216 247 2217 26 2218 252 2219 26 2220 254 2221 27 2222 255 2223 261 2224 257 2225 256 2226 255 2227 63 2228 64 2229 258 2230 256 2231 63 2232 64 2233 256 2234 256 2235 262 2236 260 2237 262 2238 265 2239 264 2240 261 2241 266 2242 257 2243 268 2244 257 2245 266 2246 268 2247 265 2248 267 2249 258 2250 267 2251 265 2252 69 2253 267 2254 70 2255 11 2256 272 2257 276 2258 274 2259 269 2260 273 2261 275 2262 270 2263 274 2264 276 2265 271 2266 275 2267 273 2268 0 2269 6 2270 278 2271 273 2272 277 2273 279 2274 274 2275 278 2276 280 2277 275 2278 279 2279 277 2280 6 2281 12 2282 17 2283 276 2284 280 2285 279 2286 282 2287 283 2288 277 2289 18 2290 281 2291 17 2292 477 2293 253 2294 278 2295 281 2296 282 2297 283 2298 285 2299 286 2300 471 2301 481 2302 472 2303 281 2304 22 2305 284 2306 465 2307 479 2308 466 2309 282 2310 284 2311 285 2312 290 2313 285 2314 289 2315 291 2316 286 2317 290 2318 288 2319 22 2320 28 2321 33 2322 287 2323 291 2324 289 2325 284 2326 288 2327 33 2328 293 2329 35 2330 290 2331 292 2332 293 2333 292 2334 36 2335 294 2336 35 2337 295 2338 37 2339 293 2340 294 2341 295 2342 37 2343 297 2344 40 2345 294 2346 38 2347 296 2348 295 2349 296 2350 297 2351 300 2352 272 2353 301 2354 42 2355 269 2356 298 2357 301 2358 5 2359 47 2360 298 2361 270 2362 299 2363 299 2364 271 2365 300 2366 303 2367 300 2368 304 2369 300 2370 336 2371 304 2372 42 2373 302 2374 48 2375 298 2376 303 2377 302 2378 305 2379 54 2380 306 2381 48 2382 309 2383 59 2384 302 2385 308 2386 309 2387 308 2388 304 2389 307 2390 307 2391 305 2392 306 2393 59 2394 313 2395 65 2396 306 2397 60 2398 310 2399 307 2400 310 2401 311 2402 309 2403 312 2404 313 2405 308 2406 311 2407 312 2408 316 2409 311 2410 315 2411 71 2412 313 2413 317 2414 312 2415 484 2416 482 2417 315 2418 310 2419 314 2420 314 2421 60 2422 66 2423 77 2424 317 2425 321 2426 321 2427 316 2428 320 2429 319 2430 314 2431 318 2432 318 2433 66 2434 72 2435 320 2436 315 2437 319 2438 83 2439 321 2440 325 2441 325 2442 320 2443 324 2444 323 2445 318 2446 322 2447 322 2448 72 2449 78 2450 324 2451 319 2452 323 2453 83 2454 329 2455 89 2456 325 2457 328 2458 329 2459 323 2460 326 2461 327 2462 322 2463 84 2464 326 2465 324 2466 327 2467 328 2468 333 2469 328 2470 332 2471 331 2472 326 2473 330 2474 330 2475 84 2476 90 2477 332 2478 327 2479 331 2480 95 2481 329 2482 333 2483 334 2484 345 2485 340 2486 338 2487 343 2488 344 2489 342 2490 335 2491 341 2492 339 2493 344 2494 345 2495 343 2496 336 2497 342 2498 341 2499 334 2500 340 2501 345 2502 350 2503 351 2504 349 2505 342 2506 348 2507 347 2508 340 2509 346 2510 340 2511 351 2512 346 2513 344 2514 349 2515 350 2516 348 2517 341 2518 347 2519 346 2520 357 2521 352 2522 350 2523 355 2524 356 2525 354 2526 347 2527 353 2528 351 2529 356 2530 357 2531 355 2532 348 2533 354 2534 353 2535 346 2536 352 2537 353 2538 358 2539 359 2540 358 2541 357 2542 363 2543 362 2544 355 2545 361 2546 354 2547 359 2548 360 2549 363 2550 356 2551 362 2552 355 2553 360 2554 361 2555 368 2556 362 2557 367 2558 361 2559 365 2560 366 2561 367 2562 361 2563 366 2564 360 2565 364 2566 365 2567 365 2568 369 2569 370 2570 305 2571 338 2572 53 2573 47 2574 338 2575 339 2576 301 2577 339 2578 334 2579 373 2580 375 2581 374 2582 398 2583 400 2584 397 2585 400 2586 398 2587 399 2588 379 2589 389 2590 388 2591 389 2592 381 2593 390 2594 383 2595 366 2596 394 2597 379 2598 384 2599 387 2600 384 2601 388 2602 367 2603 393 2604 369 2605 392 2606 394 2607 370 2608 396 2609 392 2610 395 2611 396 2612 397 2613 396 2614 398 2615 396 2616 399 2617 398 2618 379 2619 387 2620 385 2621 380 2622 385 2623 381 2624 382 2625 386 2626 387 2627 382 2628 387 2629 383 2630 380 2631 379 2632 385 2633 390 2634 395 2635 391 2636 333 2637 402 2638 403 2639 95 2640 403 2641 165 2642 332 2643 401 2644 402 2645 403 2646 404 2647 405 2648 165 2649 405 2650 169 2651 402 2652 415 2653 404 2654 405 2655 407 2656 408 2657 172 2658 405 2659 408 2660 404 2661 406 2662 407 2663 408 2664 410 2665 411 2666 172 2667 411 2668 175 2669 410 2670 406 2671 409 2672 413 2673 330 2674 412 2675 330 2676 176 2677 412 2678 414 2679 176 2680 179 2681 415 2682 401 2683 414 2684 415 2685 179 2686 181 2687 406 2688 181 2689 182 2690 409 2691 406 2692 184 2693 409 2694 184 2695 410 2696 410 2697 184 2698 185 2699 185 2700 411 2701 410 2702 441 2703 434 2704 433 2705 441 2706 461 2707 444 2708 438 2709 459 2710 440 2711 446 2712 437 2713 445 2714 453 2715 443 2716 452 2717 432 2718 443 2719 436 2720 450 2721 421 2722 451 2723 462 2724 455 2725 423 2726 459 2727 471 2728 460 2729 472 2730 445 2731 461 2732 460 2733 472 2734 461 2735 456 2736 470 2737 462 2738 470 2739 454 2740 455 2741 454 2742 468 2743 453 2744 461 2745 435 2746 444 2747 477 2748 464 2749 476 2750 468 2751 457 2752 467 2753 451 2754 443 2755 442 2756 440 2757 460 2758 441 2759 446 2760 438 2761 437 2762 420 2763 442 2764 448 2765 439 2766 448 2767 432 2768 449 2769 420 2770 448 2771 462 2772 449 2773 456 2774 418 2775 416 2776 417 2777 425 2778 421 2779 420 2780 254 2781 477 2782 476 2783 467 2784 456 2785 449 2786 467 2787 457 2788 456 2789 428 2790 429 2791 422 2792 430 2793 425 2794 424 2795 423 2796 430 2797 424 2798 447 2799 466 2800 459 2801 431 2802 427 2803 425 2804 440 2805 433 2806 431 2807 422 2808 429 2809 423 2810 431 2811 438 2812 440 2813 465 2814 464 2815 477 2816 466 2817 480 2818 471 2819 477 2820 478 2821 465 2822 481 2823 463 2824 472 2825 478 2826 477 2827 280 2828 280 2829 479 2830 478 2831 283 2832 479 2833 279 2834 286 2835 480 2836 283 2837 287 2838 476 2839 481 2840 476 2841 287 2842 254 2843 482 2844 488 2845 486 2846 483 2847 312 2848 482 2849 485 2850 313 2851 483 2852 313 2853 312 2854 483 2855 489 2856 483 2857 487 2858 492 2859 489 2860 491 2861 488 2862 493 2863 491 2864 495 2865 484 2866 316 2867 495 2868 492 2869 493 2870 494 2871 485 2872 492 2873 316 2874 494 2875 495 2876 421 2877 474 2878 451 2879 126 2880 131 2881 138 2882 131 2883 152 2884 138 2885 152 2886 151 2887 133 2888 130 2889 136 2890 134 2891 223 2892 190 2893 222 2894 190 2895 187 2896 246 2897 187 2898 193 2899 199 2900 193 2901 190 2902 189 2903 192 2904 222 2905 246 2906 376 2907 377 2908 371 2909 371 2910 391 2911 392 2912 392 2913 378 2914 376 2915 372 2916 377 2917 368 2918 369 2919 364 2920 378 2921 475 2922 422 2923 419 2924 452 2925 451 2926 474 2927 474 2928 475 2929 452 2930 475 2931 419 2932 452 2933 421 2934 427 2935 474 2936 426 2937 439 2938 432 2939 436 2940 467 2941 426 2942 439 2943 426 2944 467 2945 426 2946 432 2947 436 2948 437 2949 496 2950 435 2951 431 2952 430 2953 438 2954 438 2955 496 2956 437 2957 428 2958 496 2959 429 2960 428 2961 434 2962 435 2963 496 2964 438 2965 429 2966 445 2967 437 2968 435 2969</p>
        </triangles>
      </mesh>
      <extra>
        <technique profile="BLENDER028">
          <layer_names>
            <name name="Mappa UV" refid="IID-_0003" type="UV" />
          </layer_names>
        </technique>
      </extra>
    </geometry>
  </library_geometries>
  <library_materials>
    <material id="MA-Material" name="Material">
      <instance_effect url="#IID-_0004" />
    </material>
  </library_materials>
  <library_visual_scenes>
    <visual_scene id="SCE-main">
      <node>
        <matrix>-1.0 8.742278e-08 -1.0425062e-15 0.0 0.0 1.1924881e-08 1.0 0.0 8.742278e-08 1.0 -1.1924881e-08 1.38 0.0 0.0 0.0 1.0</matrix>
        <instance_geometry url="#ME-Cerchio">
          <bind_material>
            <technique_common>
              <instance_material symbol="slot000" target="#MA-Material">
                <bind_vertex_input semantic="ACTIVE_UV" input_semantic="TEXCOORD" input_set="0" />
              </instance_material>
            </technique_common>
          </bind_material>
        </instance_geometry>
      </node>
      <node id="EM-Empty" name="EM-Empty">
        <matrix>-4.371139e-08 4.371139e-08 1.0 0.0 1.0 1.9106857e-15 4.371139e-08 0.0 0.0 1.0 -4.371139e-08 1.38 0.0 0.0 0.0 1.0</matrix>
      </node>
    </visual_scene>
  </library_visual_scenes>
  <scene>
    <instance_visual_scene url="#SCE-main" />
  </scene>
  <extra>
    <technique profile="BLENDER028">
      <id_prefixes>
        <prefix name="CAMERA" value="CA-" />
        <prefix name="EMPTY" value="EM-" />
        <prefix name="LAMP" value="LA-" />
        <prefix name="MATERIAL" value="MA-" />
        <prefix name="MESH" value="ME-" />
        <prefix name="SCENE" value="SCE-" />
      </id_prefixes>
    </technique>
  </extra>
</COLLADA>
